,0,1,2,3,4,5,6,7,8,9,10,11,12,13,14,15,16,17,18,19,20,Category
0,71,73,71,75,73,84,80,70,69,69,75,77,73,65,69,65,73,80,69,76,75,1
1,69,80,75,71,69,76,76,69,65,73,75,82,68,70,71,83,70,69,75,70,75,1
2,82,89,76,80,65,70,69,75,86,76,75,83,72,71,81,68,89,76,86,71,78,1
3,75,77,75,76,89,83,69,70,76,71,75,82,80,87,70,65,71,68,75,86,84,1
4,82,68,89,84,69,77,78,68,76,81,75,82,76,71,80,82,71,76,86,86,76,1
5,68,75,86,82,70,76,69,81,81,78,75,77,76,69,84,75,87,83,76,76,81,1
6,69,84,75,87,83,76,76,81,81,81,75,84,83,82,83,78,77,68,78,77,70,1
7,69,77,69,78,69,70,86,76,73,75,75,68,86,68,69,65,89,77,78,75,86,1
8,75,89,69,69,76,81,84,76,65,71,75,72,71,68,68,76,82,82,84,75,84,1
9,68,65,69,81,82,71,69,77,65,73,75,68,65,81,84,75,76,65,69,76,69,1
10,65,76,68,73,69,73,84,84,89,82,75,76,76,69,71,69,69,83,82,76,69,1
11,83,65,68,76,75,70,82,73,75,81,75,71,69,89,76,80,76,76,81,71,75,1
12,81,71,75,83,76,71,77,73,70,69,75,82,83,84,82,84,82,76,83,84,69,1
13,77,84,68,65,86,76,65,82,86,89,75,81,83,68,76,68,84,76,65,75,69,1
14,70,71,77,72,76,81,65,65,84,80,75,71,89,69,80,68,80,78,73,86,75,1
15,78,73,86,75,76,65,69,81,89,65,75,69,78,71,84,75,76,83,77,84,78,1
16,84,87,73,83,77,71,81,69,68,69,75,75,75,82,76,81,65,70,81,71,89,1
17,81,65,70,81,71,89,81,86,84,77,75,84,65,75,86,65,65,83,68,87,84,1
18,68,87,84,70,76,72,67,76,80,82,75,80,69,69,86,68,68,69,86,70,89,1
19,75,71,86,83,69,73,86,72,69,71,75,75,73,75,76,84,73,84,89,71,80,1
20,77,84,71,69,75,86,75,65,86,86,75,76,69,71,68,78,75,77,86,84,84,1
21,83,82,73,83,83,76,80,78,86,75,75,70,76,81,80,71,83,81,82,75,80,1
22,68,76,76,75,65,78,86,75,73,70,75,83,81,71,84,65,76,69,75,89,65,1
23,82,75,75,65,76,75,76,71,65,75,75,86,70,73,69,68,86,83,75,69,70,1
24,81,86,69,73,65,81,82,69,71,65,75,89,86,83,72,71,65,84,71,75,71,1
25,75,71,86,80,86,75,86,84,78,73,75,68,71,84,84,82,84,84,83,76,69,1
26,73,76,82,73,69,69,69,76,71,83,75,65,75,70,65,71,82,83,70,82,78,1
27,75,70,72,89,75,84,68,81,71,73,75,78,76,80,86,71,69,65,71,82,76,1
28,69,72,83,86,81,67,65,86,68,86,75,82,70,78,83,65,78,69,68,78,86,1
29,78,86,84,81,86,82,84,70,89,84,75,86,76,78,69,69,69,82,75,82,76,1
30,72,76,75,68,65,81,76,70,73,81,75,75,65,86,75,78,70,84,68,86,72,1
31,89,71,65,82,73,81,65,76,76,68,75,89,78,65,69,75,80,75,78,65,73,1
32,69,86,69,70,86,82,84,71,89,71,75,68,77,86,75,86,76,72,73,81,82,1
33,86,75,86,76,72,73,81,82,68,71,75,89,72,83,73,75,69,86,65,84,83,1
34,84,83,86,81,76,84,76,82,83,75,75,68,89,76,72,71,68,78,83,68,73,1
35,78,83,68,73,73,80,84,68,84,73,75,78,84,86,72,86,76,65,75,76,82,1
36,75,68,81,70,84,84,76,80,69,86,75,68,82,67,70,65,84,81,86,89,67,1
37,87,71,65,86,82,68,73,86,76,81,75,70,65,71,80,89,68,75,71,69,89,1
38,70,68,82,71,65,83,73,86,69,68,75,76,86,69,68,76,75,84,82,69,83,1
39,76,81,72,71,83,73,76,71,70,80,75,65,75,86,89,69,71,83,73,76,69,1
40,73,80,65,65,83,69,75,81,76,84,75,83,78,65,80,82,86,75,65,75,73,1
41,86,81,69,83,76,69,82,75,70,71,75,72,71,71,84,73,80,86,86,80,84,1
42,70,81,68,82,73,83,71,65,83,69,75,68,73,86,72,83,71,76,65,89,84,1
43,83,65,82,81,73,77,82,84,65,77,75,89,78,76,71,76,68,76,82,84,65,1
44,82,84,65,65,89,86,78,65,73,69,75,86,70,75,86,89,78,69,65,71,86,1
45,89,73,65,83,75,89,78,76,89,71,75,68,77,75,69,82,65,73,73,68,77,1
46,71,83,81,82,75,80,70,68,68,65,75,67,86,69,83,65,75,75,73,70,83,1
47,69,78,83,82,68,89,80,68,77,65,75,69,65,71,81,75,65,76,69,68,65,1
48,71,68,71,70,75,65,78,76,86,70,75,69,73,69,75,75,76,69,69,69,71,1
49,75,76,69,69,69,71,69,81,70,86,75,75,73,71,71,73,70,65,70,75,86,1
50,65,70,75,86,75,68,71,80,71,71,75,69,65,84,87,86,86,68,86,75,78,1
51,77,78,80,81,83,65,70,70,81,71,75,76,75,73,65,71,78,77,71,76,65,1
52,82,77,69,76,75,65,68,81,76,89,75,81,75,73,73,82,71,70,67,72,76,1
53,82,83,75,83,68,80,73,77,76,76,75,68,82,77,86,78,83,78,76,65,83,1
54,69,70,78,76,76,89,68,82,71,84,75,70,71,76,70,84,80,71,83,82,73,1
55,86,71,80,82,68,71,76,81,78,69,75,83,73,86,80,84,80,86,75,73,82,1
56,70,71,65,86,83,69,76,70,84,82,75,78,65,78,67,83,73,69,69,83,70,1
57,71,82,82,89,68,68,80,69,86,81,75,68,84,75,78,86,80,70,75,73,86,1
58,70,68,81,65,76,76,82,72,73,86,75,69,70,75,82,69,84,71,86,68,76,1
59,81,70,69,71,73,86,84,68,76,73,75,82,84,73,65,80,67,81,75,65,77,1
60,72,68,84,69,84,75,77,69,69,70,75,68,81,76,80,65,68,69,67,78,75,1
61,84,73,83,76,69,75,76,69,78,68,75,83,73,82,71,86,73,76,84,83,69,1
62,69,86,86,80,69,68,81,86,72,83,75,65,82,83,86,77,84,75,87,76,65,1
63,83,82,81,76,84,75,78,77,77,82,75,65,84,65,68,78,76,73,75,81,82,1
64,68,73,81,78,70,84,83,70,73,83,75,68,83,73,81,75,83,76,72,77,89,1
65,75,83,71,69,89,80,70,80,76,73,75,82,65,87,69,76,71,76,73,78,65,1
66,86,65,65,73,75,84,75,65,69,75,75,71,68,69,89,86,73,78,71,81,75,1
67,70,76,76,65,82,83,78,80,68,80,75,86,80,65,83,75,65,70,84,71,70,1
68,71,73,65,70,69,68,86,82,86,80,75,69,78,86,76,73,71,69,71,65,71,1
69,75,78,82,68,71,69,84,76,84,84,75,71,75,73,71,68,83,76,76,68,86,1
70,69,86,73,67,81,86,65,69,71,78,75,69,68,86,68,75,65,86,75,65,65,1
71,81,71,80,81,86,68,69,84,81,70,75,75,73,76,71,89,73,75,83,71,81,1
72,89,73,75,83,71,81,81,69,71,65,75,76,76,67,71,71,71,65,65,65,68,1
73,70,71,80,86,77,81,73,76,75,70,75,84,73,69,69,86,86,71,82,65,78,1
74,65,75,68,69,71,65,78,65,70,70,75,71,65,87,83,78,86,76,82,71,77,1
75,69,75,65,87,82,75,81,83,82,75,75,86,77,69,65,70,69,81,65,69,82,1
76,82,70,70,69,69,86,78,68,80,65,75,78,68,65,76,69,75,86,69,68,68,1
77,80,73,75,68,65,65,84,71,65,86,75,69,75,73,84,65,70,86,86,69,82,1
78,70,71,71,86,84,72,71,76,80,69,75,75,77,71,73,75,65,83,78,84,83,1
79,86,65,76,81,71,67,77,68,75,71,75,69,76,84,71,76,71,78,65,76,75,1
80,86,86,69,65,75,76,86,75,72,75,75,71,73,86,78,69,81,70,76,76,81,1
81,69,65,82,76,69,84,80,83,65,75,75,76,84,68,86,71,73,82,82,73,70,1
82,69,86,73,80,72,72,84,69,87,69,75,65,71,69,86,83,82,69,86,87,69,1
83,75,71,82,75,76,72,75,77,71,77,75,65,81,68,84,65,69,76,70,70,69,1
84,78,89,86,75,81,82,75,65,70,71,75,84,86,65,72,73,81,84,86,81,72,1
85,68,76,71,71,68,70,75,71,73,71,75,71,83,83,65,65,68,75,86,86,65,1
86,86,86,65,69,73,82,82,75,71,71,75,65,86,65,78,89,68,83,86,69,65,1
87,65,78,89,68,83,86,69,65,71,69,75,76,86,75,84,65,76,68,84,70,71,1
88,75,76,76,76,81,86,81,72,65,83,75,81,73,84,65,68,75,81,89,75,71,1
89,65,82,84,82,76,65,65,68,86,71,75,65,71,65,69,82,69,70,75,71,76,1
90,89,69,81,86,76,69,78,76,81,83,75,82,70,81,76,86,68,83,82,65,81,1
91,77,68,70,76,84,75,68,71,70,69,75,83,80,69,69,76,82,65,73,70,81,1
92,83,73,73,82,75,86,73,83,84,84,75,65,80,65,65,73,71,80,89,83,81,1
93,71,86,86,69,69,65,75,81,65,76,75,78,76,71,69,73,76,75,65,65,71,1
94,68,84,77,75,82,89,76,83,65,81,75,80,76,76,78,68,83,81,70,82,75,1
95,80,83,82,68,69,76,70,84,68,84,75,65,82,72,76,76,86,76,82,75,71,1
96,75,76,83,70,75,76,83,83,65,76,75,65,71,86,84,65,65,75,69,75,70,1
97,69,67,83,75,89,72,71,81,76,84,75,69,65,65,77,71,81,71,70,68,82,1
98,68,76,73,82,70,65,81,84,76,69,75,86,67,86,81,84,86,69,83,71,65,1
99,76,69,75,70,78,78,86,69,65,71,75,89,84,86,71,76,71,81,84,82,77,1
100,84,86,86,81,82,76,77,69,82,84,75,76,80,87,68,65,86,71,82,76,69,1
101,70,72,84,80,70,67,75,77,86,81,75,83,76,65,82,76,77,70,78,68,70,1
102,70,78,68,70,76,83,83,83,83,68,75,81,78,78,76,89,75,71,76,69,65,1
103,71,76,75,76,69,69,84,89,84,78,75,68,86,68,75,65,76,76,75,65,83,1
104,75,76,86,83,83,86,83,68,76,80,75,82,76,68,83,82,82,82,77,83,80,1
105,83,89,73,82,70,83,81,73,67,65,75,65,86,82,68,65,76,75,84,69,70,1
106,76,75,84,69,70,75,65,78,65,69,75,84,83,71,83,83,73,75,73,86,75,1
107,68,71,84,69,71,76,86,82,71,81,75,86,76,68,83,71,65,80,73,75,73,1
108,75,86,86,68,76,76,65,80,89,65,75,71,71,75,73,71,76,70,71,71,65,1
109,84,77,71,67,76,65,84,84,72,83,75,65,73,72,75,73,68,73,80,83,70,1
110,68,73,71,78,73,73,83,68,65,77,75,75,86,71,82,75,71,86,73,84,86,1
111,81,68,65,89,86,76,76,83,69,75,75,73,83,83,86,81,83,73,86,80,65,1
112,76,75,86,71,76,81,86,86,65,86,75,65,80,71,70,71,68,78,82,75,78,1
113,73,86,84,75,68,68,65,77,76,76,75,71,75,71,68,75,65,72,73,69,75,1
114,69,68,77,75,86,76,68,68,76,78,75,78,73,82,89,73,83,71,83,83,70,1
115,75,71,69,77,68,84,70,80,84,70,75,70,68,68,80,75,70,69,86,73,68,1
116,82,86,69,70,68,84,70,71,69,76,75,86,80,84,68,75,89,89,71,65,81,1
117,65,81,84,86,82,83,84,77,78,70,75,73,71,71,65,84,69,82,77,80,73,1
118,69,86,78,81,69,89,71,76,68,80,75,73,65,83,65,73,77,75,65,65,68,1
119,69,77,76,71,71,69,76,71,83,75,75,80,86,72,80,78,68,72,86,78,75,1
120,71,76,78,84,82,73,71,70,65,69,75,86,65,65,75,86,65,65,76,84,71,1
121,67,86,83,75,68,76,80,70,65,81,75,82,70,67,71,65,69,71,84,69,78,1
122,89,86,75,71,65,78,68,65,86,65,75,76,69,69,65,82,65,75,69,68,72,1
123,81,81,71,65,76,81,70,73,80,65,75,82,86,71,84,80,65,69,86,65,71,1
124,82,82,69,89,65,69,86,81,80,76,75,71,65,82,73,83,71,83,76,72,77,1
125,78,82,86,65,70,82,82,65,77,82,75,65,73,81,83,65,77,82,81,80,78,1
126,75,76,82,86,69,73,65,68,73,68,75,82,71,75,73,83,76,73,76,86,65,1
127,84,75,73,86,71,76,82,65,82,65,75,65,65,70,65,69,82,69,71,86,78,1
128,81,68,82,75,86,76,67,82,70,65,75,72,80,65,68,84,81,84,86,76,86,1
129,87,71,82,80,86,80,71,87,71,83,75,82,80,82,76,76,73,76,71,76,65,1
130,83,68,87,83,73,69,73,68,71,75,75,89,84,65,80,69,73,83,65,82,73,1
131,76,80,86,71,65,68,69,68,68,73,75,65,84,89,68,75,71,73,76,84,86,1
132,70,70,71,82,65,65,76,76,65,69,75,65,65,71,80,82,82,76,76,82,71,1
133,75,83,81,87,80,71,75,76,86,86,75,71,73,81,84,76,68,68,65,82,65,1
134,68,65,80,86,86,82,86,83,65,76,75,65,76,69,71,68,65,75,87,86,65,1
135,84,84,86,84,71,86,69,77,70,82,75,76,76,68,81,71,81,65,71,68,78,1
136,75,83,76,69,82,65,86,83,65,71,75,86,84,69,82,69,82,68,82,65,76,1
137,75,86,69,70,69,73,71,72,83,80,75,71,80,81,65,84,71,86,82,83,76,1
138,71,76,86,73,80,68,84,65,75,69,75,80,81,69,71,84,86,86,65,86,71,1
139,65,68,65,86,75,86,84,76,71,80,75,71,82,78,86,86,76,69,75,75,87,1
140,86,65,65,71,65,78,80,76,71,76,75,82,71,73,69,75,65,86,69,75,86,1
141,65,86,69,75,86,84,69,84,76,76,75,71,65,75,69,86,69,84,75,69,81,1
142,76,76,86,83,83,75,86,83,84,86,75,68,76,76,80,76,76,69,75,86,73,1
143,69,78,83,68,83,68,89,68,82,69,75,76,81,69,82,76,65,75,76,65,71,1
144,83,71,76,69,80,71,86,86,65,69,75,86,82,78,76,80,65,71,72,71,76,1
145,76,86,86,78,65,73,82,75,84,76,75,65,86,65,86,75,71,80,89,70,71,1
146,65,86,65,84,65,69,65,73,65,82,75,80,86,69,71,83,76,71,84,80,80,1
147,86,68,65,76,71,78,65,73,68,71,75,71,80,73,71,83,75,84,82,82,82,1
148,81,75,82,70,78,68,71,84,68,69,75,75,75,76,89,67,73,89,86,65,73,1
149,81,75,82,83,84,86,65,81,76,86,75,82,76,84,68,65,68,65,77,75,89,1
150,73,89,65,71,86,82,71,89,76,68,75,76,69,80,83,75,73,84,75,70,69,1
151,83,76,76,71,78,73,82,83,68,71,75,73,83,69,81,83,68,65,75,76,75,1
152,78,82,78,65,70,71,65,80,76,84,75,76,81,78,73,81,70,75,76,65,68,1
153,82,76,76,84,87,82,65,65,77,76,75,68,78,75,75,80,70,84,75,69,83,1
154,72,67,81,69,81,78,86,82,86,80,75,83,80,73,73,70,83,75,70,83,83,1
155,75,68,84,73,65,68,80,72,78,76,75,73,67,67,82,86,78,71,69,86,86,1
156,75,71,86,70,67,65,71,65,68,76,75,69,82,69,81,77,83,68,86,69,86,1
157,76,65,89,83,82,86,76,65,73,72,75,81,72,76,83,80,86,68,84,65,89,1
158,76,83,80,86,68,84,65,89,70,82,75,80,76,76,76,72,81,71,72,77,69,1
159,67,83,67,65,80,68,67,67,81,65,75,69,82,89,73,69,81,70,75,68,84,1
160,65,81,89,86,82,76,71,71,83,69,75,65,82,65,82,72,84,83,82,71,75,1
161,81,76,75,75,69,73,81,69,72,86,75,75,84,84,65,80,89,75,89,80,82,1
162,68,89,65,76,80,78,80,83,87,84,75,68,76,82,76,76,70,68,81,70,77,1
163,70,77,75,75,67,69,68,71,83,87,75,82,77,80,83,72,82,81,78,80,84,1
164,83,75,70,75,75,69,69,81,77,83,75,65,81,81,70,84,82,83,70,69,69,1
165,78,83,81,76,81,75,73,69,71,82,75,76,70,86,83,67,84,73,81,83,73,1
166,77,76,81,77,76,69,83,83,76,82,75,89,76,80,69,83,76,75,86,89,71,1
167,72,77,78,81,71,78,80,70,75,76,75,65,76,86,68,75,87,80,68,70,78,1
168,80,86,89,78,72,84,69,81,84,78,75,86,73,81,75,77,83,72,84,76,72,1
169,71,82,65,83,77,86,68,86,71,71,75,80,69,84,69,82,86,65,86,65,83,1
170,72,75,78,81,71,89,89,68,89,86,75,80,82,76,82,84,84,73,68,82,65,1
171,68,80,65,65,65,80,65,84,71,78,75,75,84,72,76,84,69,76,81,82,70,1
172,76,82,75,65,71,76,76,69,75,76,75,69,84,69,89,68,86,82,68,72,71,1
173,81,84,69,68,73,76,65,75,83,75,75,71,73,69,69,83,76,75,82,77,65,1
174,69,69,83,76,75,82,77,65,75,75,75,70,84,69,78,80,75,65,71,68,69,1
175,86,80,77,77,75,76,86,69,86,73,75,84,80,77,84,83,81,75,84,70,69,1
176,75,84,76,71,75,72,80,86,83,67,75,68,84,80,71,70,73,86,78,82,76,1
177,86,82,76,72,69,82,71,68,65,83,75,69,68,73,68,84,65,77,75,76,71,1
178,80,69,84,71,75,82,76,81,84,86,75,76,80,86,68,75,84,84,83,67,67,1
179,86,84,75,71,71,73,77,76,80,69,75,83,81,71,75,86,76,81,65,84,86,1
180,65,84,86,86,65,86,71,83,71,71,75,71,75,83,71,69,73,69,80,86,83,1
181,73,69,80,86,83,86,75,86,71,68,75,86,76,76,80,69,89,71,71,84,75,1
182,76,86,75,65,76,83,67,76,89,71,75,73,89,81,82,81,73,68,80,78,69,1
183,68,77,77,89,71,71,77,82,71,77,75,71,76,86,89,69,84,83,86,76,68,1
184,68,65,71,86,75,69,76,68,83,76,75,83,68,82,76,82,84,73,81,76,78,1
185,84,75,73,76,65,69,71,71,71,65,75,70,75,75,89,69,69,73,68,78,65,1
186,73,83,69,76,80,75,84,86,83,71,75,73,76,82,83,75,76,82,78,81,69,1
187,68,75,65,70,65,65,71,65,68,73,75,69,77,81,78,82,84,70,81,68,67,1
188,84,71,68,82,73,83,65,81,68,65,75,81,65,71,76,86,83,75,73,70,80,1
189,68,70,65,84,75,73,84,68,83,89,75,81,89,68,70,71,75,86,86,82,76,1
190,76,80,83,81,86,73,68,72,71,82,75,80,84,81,81,69,65,89,81,86,72,1
191,65,81,69,65,76,65,80,70,82,71,75,69,76,81,80,71,83,72,86,81,83,1
192,76,75,65,82,82,76,81,70,87,84,75,84,76,80,81,75,73,81,69,76,75,1
193,65,86,73,82,73,78,83,80,78,83,75,86,78,84,76,78,75,69,86,81,83,1
194,67,81,89,82,73,65,84,75,68,82,75,84,86,76,71,86,80,69,86,76,76,1
195,71,82,78,73,82,65,68,82,65,75,75,77,71,76,86,68,81,76,86,69,80,1
196,86,89,75,84,86,69,69,75,86,75,75,81,84,75,71,76,89,80,65,80,76,1
197,83,81,75,70,71,69,76,65,76,84,75,69,83,75,65,76,77,71,76,89,78,1
198,77,82,73,76,81,69,71,86,68,80,75,75,76,68,65,76,84,84,71,70,71,1
199,75,71,70,89,73,89,81,69,71,83,75,78,75,83,76,78,83,69,77,68,78,1
200,78,73,76,65,78,76,82,76,80,65,75,80,69,86,83,83,68,69,68,86,81,1
201,70,82,70,86,68,76,89,71,65,81,75,86,86,68,82,76,82,75,89,69,83,1
202,75,68,75,65,84,76,81,65,77,68,75,82,76,67,83,87,75,71,69,80,81,1
203,73,89,71,68,73,73,89,84,83,65,75,68,75,82,71,76,86,76,75,81,80,1
204,78,86,73,80,67,83,82,78,75,65,75,69,86,71,69,86,76,67,84,68,80,1
205,73,78,69,75,65,86,69,75,86,69,75,81,86,78,68,65,86,65,75,71,65,1
206,76,76,82,71,86,70,73,86,65,65,75,82,84,80,70,71,65,89,71,71,76,1
207,89,67,86,82,78,86,82,70,71,84,75,70,71,76,68,76,75,76,69,68,84,1
208,77,71,77,84,65,69,78,76,65,65,75,89,78,73,83,82,69,68,67,68,82,1
209,82,89,65,76,81,83,81,81,82,87,75,65,65,78,69,65,71,89,70,78,69,1
210,70,78,69,69,77,65,80,73,69,86,75,84,75,75,71,75,81,84,77,81,86,1
211,69,81,76,81,75,76,80,83,86,70,75,75,68,71,84,86,84,65,71,78,65,1
212,86,73,73,65,83,69,68,65,86,75,75,72,78,70,84,80,76,65,82,86,86,1
213,80,71,73,82,76,76,83,86,75,65,75,84,65,72,73,86,76,69,68,71,84,1
214,84,84,65,82,68,69,76,71,76,78,75,89,77,69,83,68,71,73,75,86,65,1
215,75,81,78,76,73,65,69,86,83,84,75,68,86,75,86,70,71,75,71,78,80,1
216,78,86,75,75,73,76,69,83,68,82,75,69,80,76,70,71,73,83,84,71,78,1
217,78,73,73,84,71,76,65,65,71,65,75,83,89,75,77,83,77,65,78,82,71,1
218,68,83,70,70,83,76,73,75,75,71,75,71,84,84,73,84,83,86,76,80,75,1
219,71,86,69,76,70,75,82,71,86,76,75,69,89,71,86,75,86,76,71,84,83,1
220,65,84,69,68,82,81,76,70,83,68,75,76,78,69,73,78,69,75,73,65,80,1
221,71,71,76,71,83,71,73,67,80,78,75,69,84,76,73,68,76,71,84,75,65,1
222,71,84,83,83,82,73,71,83,83,77,75,83,86,71,69,86,77,65,73,71,82,1
223,68,71,70,84,80,82,76,80,77,78,75,69,87,80,65,78,76,68,76,75,75,1
224,68,69,73,86,82,76,84,83,73,68,75,87,70,76,89,75,77,82,68,73,76,1
225,89,75,77,82,68,73,76,78,77,68,75,84,76,75,71,76,78,83,68,83,86,1
226,82,75,65,75,69,73,71,70,83,68,75,81,73,83,75,67,76,71,76,84,69,1
227,69,65,81,84,82,69,76,82,76,75,75,78,73,72,80,87,86,75,81,73,68,1
228,86,83,81,69,72,80,86,86,76,84,75,70,86,69,71,65,82,69,86,69,77,1
229,65,82,69,86,69,77,68,65,86,71,75,69,71,82,86,73,83,72,65,73,83,1
230,75,86,77,73,71,69,83,73,68,69,75,82,76,80,84,76,69,81,80,73,73,1
231,70,76,75,65,77,76,83,84,71,70,75,73,80,81,75,71,73,76,73,71,73,1
232,86,84,75,76,70,65,69,65,86,81,75,83,82,84,86,68,83,75,83,76,70,1
233,70,82,80,83,82,86,86,86,86,65,75,84,84,82,89,69,70,69,81,81,82,1
234,83,86,68,68,71,80,87,69,75,81,75,83,83,71,76,78,76,67,84,71,84,1
235,83,83,83,82,81,82,67,70,83,83,75,86,67,86,82,83,82,67,87,68,65,1
236,89,69,73,75,73,69,83,69,69,70,75,69,75,82,84,86,81,81,72,81,77,1
237,75,78,86,65,77,71,89,86,80,70,75,89,83,82,80,71,84,81,76,76,86,1
238,81,71,83,80,69,82,68,65,76,81,75,65,76,75,68,76,75,71,81,77,69,1
239,83,80,70,78,72,65,72,75,86,65,75,70,67,89,65,68,75,65,76,76,78,1
240,82,65,73,68,65,65,76,65,65,82,75,69,87,68,76,75,80,77,65,68,82,1
241,80,77,65,68,82,65,81,86,70,76,75,65,65,68,77,76,83,71,80,82,82,1
242,67,83,65,67,83,82,76,89,86,80,75,83,76,87,80,81,73,75,71,82,76,1
243,78,65,65,71,78,70,89,73,78,68,75,83,84,71,83,86,86,71,81,81,80,1
244,89,81,82,65,70,71,71,81,83,76,75,70,71,75,71,71,81,65,72,82,67,1
245,82,70,77,69,82,89,65,80,86,65,75,68,76,65,83,82,68,86,86,83,82,1
246,83,73,65,69,83,67,82,80,71,68,75,86,80,83,73,75,65,78,65,71,69,1
247,65,71,69,69,83,86,77,78,76,68,75,76,82,70,65,68,71,83,73,82,84,1
248,69,75,73,83,81,76,89,71,68,76,75,72,76,75,84,70,68,82,71,77,86,1
249,75,86,82,86,68,69,89,68,89,83,75,80,73,81,71,81,81,75,75,80,70,1
250,84,76,83,89,86,68,73,75,84,71,75,86,84,76,69,89,82,80,86,73,68,1
251,80,82,67,75,76,67,86,70,77,71,75,84,68,80,81,65,80,82,72,81,81,1
252,72,81,76,84,86,65,75,77,69,76,75,78,81,83,82,77,81,69,80,65,86,1
253,71,83,75,84,78,70,78,83,76,65,75,65,77,86,81,82,84,71,82,82,86,1
254,76,65,68,75,81,76,83,83,86,86,75,69,65,71,73,82,81,70,76,76,84,1
255,80,84,73,89,89,80,75,82,80,78,75,80,76,70,84,71,76,86,84,81,67,1
256,65,76,73,72,67,76,82,65,75,83,75,81,69,73,76,65,73,78,81,86,70,1
257,73,84,82,69,84,76,80,65,86,76,75,78,84,65,65,82,77,77,76,80,80,1
258,70,76,73,73,73,75,71,65,71,71,75,65,70,67,65,71,71,68,73,75,65,1
259,71,73,65,84,72,70,86,68,83,69,75,76,82,86,76,69,69,69,76,76,65,1
260,68,71,83,80,70,65,73,69,81,77,75,86,73,78,75,77,83,80,84,83,76,1
261,72,69,71,86,82,65,86,76,73,68,75,68,81,84,80,75,87,75,80,65,78,1
262,71,84,65,65,73,81,71,65,73,69,75,65,71,73,80,75,69,69,86,75,69,1
263,83,82,71,65,84,80,89,71,71,86,75,76,69,68,76,73,86,75,68,71,76,1
264,86,75,68,71,76,84,68,86,89,78,75,73,72,77,71,78,67,65,69,78,84,1
265,68,69,69,89,75,82,86,68,70,83,75,86,80,75,76,75,84,86,70,81,75,1
266,84,65,69,65,65,81,82,76,78,86,75,80,76,65,82,73,65,65,70,65,68,1
267,65,80,65,89,65,86,80,75,86,76,75,89,65,71,76,75,75,69,68,73,65,1
268,77,84,65,82,68,86,81,69,69,67,75,75,75,71,76,80,87,84,76,65,75,1
269,75,76,65,69,83,71,83,67,76,71,75,75,86,65,71,65,76,81,84,73,69,1
270,70,80,82,68,70,70,69,82,68,65,75,68,65,86,68,76,77,75,65,76,81,1
271,68,86,83,75,87,83,69,75,65,82,75,80,76,69,65,76,89,71,89,68,89,1
272,81,75,89,84,72,80,81,72,73,82,75,76,76,71,81,81,86,86,83,80,86,1
273,65,86,76,89,86,80,71,78,68,69,75,75,73,82,75,73,80,83,76,75,86,1
274,76,68,67,69,68,71,86,65,69,78,75,75,78,69,65,82,76,82,73,65,75,1
275,65,65,70,75,69,72,81,81,76,71,75,71,65,70,84,70,82,71,83,77,73,1
276,67,75,71,73,86,70,80,75,81,70,75,84,81,81,89,89,68,73,76,75,81,1
277,73,76,75,81,86,67,80,69,76,69,75,65,81,80,71,65,76,75,83,69,82,1
278,76,76,83,83,80,83,70,78,71,75,75,65,76,69,65,73,83,82,69,75,71,1
279,73,73,70,77,80,71,84,84,81,76,75,65,75,68,73,76,89,82,73,81,73,1
280,80,71,86,89,82,77,86,76,81,81,75,84,83,78,76,82,70,80,84,76,69,1
281,83,76,76,80,69,69,89,69,81,87,75,81,82,84,71,76,83,73,72,69,86,1
282,65,69,83,65,86,86,83,83,80,68,75,68,82,71,69,86,86,75,65,70,73,1
283,83,86,84,65,80,89,75,89,80,82,75,86,69,70,86,83,69,76,80,75,84,1
284,84,72,83,68,81,70,76,86,83,70,75,68,86,71,82,75,80,80,84,70,71,1
285,69,70,73,76,68,84,82,80,70,75,75,83,65,78,86,69,65,86,68,86,65,1
286,78,73,76,89,86,83,83,69,84,73,75,75,76,70,80,83,76,76,68,84,75,1
287,68,84,75,78,76,83,84,71,83,71,75,80,75,65,73,68,81,68,75,70,75,1
288,76,67,82,76,83,68,82,86,68,75,75,76,76,68,65,65,71,65,78,76,82,1
289,73,69,83,75,76,76,65,75,82,65,75,86,78,84,73,80,71,70,68,71,86,1
290,82,69,86,73,73,78,84,82,70,86,75,71,68,73,83,84,75,70,76,83,68,1
291,75,86,68,76,83,84,83,84,68,87,75,69,65,75,83,70,76,75,71,76,83,1
292,86,76,76,80,68,75,65,65,69,69,75,77,78,81,81,71,65,68,84,80,75,1
293,75,71,70,76,83,83,71,69,87,86,75,83,69,75,76,84,81,65,76,81,71,1
294,73,80,70,76,76,83,71,84,83,89,75,68,76,77,80,72,68,76,65,82,65,1
295,78,77,82,75,77,77,76,68,76,78,75,65,75,84,76,71,81,82,76,83,76,1
296,83,68,73,86,80,70,75,86,80,71,75,68,84,86,84,75,68,78,71,73,82,1
297,83,69,68,82,65,76,65,77,71,89,75,80,75,65,89,76,82,68,70,73,89,1
298,75,81,69,73,82,76,73,68,89,69,75,77,86,68,72,82,71,83,82,73,86,1
299,86,76,83,82,72,72,72,76,86,82,75,84,68,71,86,89,68,80,86,69,89,1
300,78,73,78,80,86,83,76,84,86,71,75,81,69,65,75,76,81,83,76,86,69,1
301,83,69,89,73,82,89,68,76,76,69,75,78,73,78,73,86,82,75,82,76,78,1
302,72,76,73,69,65,81,86,71,71,69,75,68,76,82,82,65,75,68,73,78,81,1
303,70,76,84,71,75,68,71,75,75,70,75,76,69,65,80,68,65,68,69,76,80,1
304,80,71,81,68,84,89,81,72,80,80,75,68,83,83,71,81,82,86,68,86,83,1
305,86,86,75,75,73,69,83,70,71,83,75,83,71,75,84,83,75,75,73,86,73,1
306,68,86,70,80,68,86,67,75,69,70,75,69,65,71,69,81,86,65,83,83,80,1
307,86,65,83,83,80,65,69,86,65,69,75,65,68,82,73,73,84,77,76,80,83,1
308,71,65,78,71,73,76,75,75,86,75,75,71,83,76,76,73,68,83,83,84,73,1
309,78,76,71,73,82,83,71,76,68,80,75,76,76,65,75,73,76,78,77,83,83,1
310,68,82,69,75,76,73,84,84,65,76,75,82,72,81,71,73,68,73,76,86,83,1
311,84,75,78,70,65,65,69,76,65,80,75,78,73,82,86,78,67,76,65,80,71,1
312,82,86,78,67,76,65,80,71,76,73,75,84,82,70,83,83,86,76,87,69,69,1
313,76,65,84,69,65,82,80,84,84,69,75,83,86,80,89,81,82,84,76,75,69,1
314,83,71,71,80,86,83,76,68,70,86,75,78,71,69,89,65,76,69,82,77,71,1
315,83,67,76,86,65,71,84,75,67,68,75,86,86,81,68,76,67,75,86,65,71,1
316,81,68,76,67,75,86,65,71,86,65,75,86,76,86,65,81,72,68,65,89,75,1
317,73,89,65,71,78,65,76,67,84,86,75,67,68,69,75,86,75,86,70,83,86,1
318,73,81,72,76,65,71,77,75,68,83,75,84,73,86,65,73,78,75,68,80,69,1
319,68,84,69,78,76,82,81,82,83,81,75,76,86,69,69,65,75,76,89,71,73,1
320,65,68,70,71,77,65,65,68,75,78,75,70,80,71,68,83,86,86,84,71,82,1
321,86,86,84,71,71,71,84,71,73,71,75,65,86,83,82,69,76,76,72,76,71,1
322,86,83,78,76,86,75,83,84,76,65,75,89,71,75,73,78,70,76,86,78,78,1
323,71,76,86,76,71,73,89,65,75,68,75,68,68,68,76,80,81,70,84,83,65,1
324,69,77,76,78,73,83,71,80,80,76,75,65,71,75,84,82,84,70,89,71,76,1
325,76,75,65,84,65,69,69,73,83,83,75,84,71,78,75,86,72,65,73,82,67,1
326,82,70,78,73,73,81,80,71,80,73,75,84,75,71,65,70,83,82,76,68,80,1
327,83,82,76,68,80,84,71,82,70,69,75,69,77,73,68,82,73,80,67,71,82,1
328,69,70,82,84,89,70,76,75,80,83,75,84,78,69,70,76,69,78,70,75,78,1
329,72,82,84,65,86,82,75,65,76,65,75,68,75,69,87,81,69,82,70,76,73,1
330,71,71,80,65,76,87,71,78,65,70,75,82,65,86,78,65,72,86,69,76,71,1
331,83,77,84,81,78,76,82,69,86,77,75,86,77,70,75,86,80,71,70,68,82,1
332,75,86,80,71,70,68,82,86,76,69,75,86,84,76,86,83,65,65,80,69,75,1
333,65,65,80,69,75,76,73,67,69,77,75,86,69,69,81,72,84,78,75,76,71,1
334,68,67,71,71,76,84,75,82,68,86,75,76,65,81,70,73,69,75,65,65,65,1
335,78,78,75,89,83,69,71,89,80,71,75,82,89,89,71,71,65,69,86,86,68,1
336,89,82,75,71,86,82,84,86,68,80,75,84,71,75,69,73,80,89,84,70,69,1
337,78,65,81,65,77,65,68,65,76,76,75,82,71,89,83,76,86,83,71,71,84,1
338,75,76,81,68,70,75,83,70,76,76,75,68,80,69,84,83,81,82,76,65,78,1
339,76,75,68,86,76,83,78,76,73,80,75,69,81,65,82,73,75,84,70,75,81,1
340,87,76,84,81,76,81,75,69,86,71,75,68,86,83,68,69,75,76,82,68,89,1
341,82,65,76,71,70,80,76,69,82,80,75,83,77,83,84,68,71,76,77,75,70,1
342,76,77,68,75,86,69,76,76,76,80,75,75,76,82,80,76,89,78,72,80,65,1
343,65,75,75,73,65,81,65,81,71,76,75,68,71,89,82,76,86,86,78,68,71,1
344,73,65,80,86,76,65,65,75,86,73,75,71,86,69,86,84,86,71,72,69,81,1
345,84,86,71,72,69,81,69,69,71,71,75,87,80,89,65,71,84,65,69,65,73,1
346,84,65,69,65,73,75,65,76,71,65,75,72,67,86,75,71,86,84,69,65,72,1
347,75,71,86,84,69,65,72,86,68,81,75,78,75,86,86,84,84,80,65,70,77,1
348,75,75,73,82,83,76,83,68,69,65,75,73,71,65,72,71,75,80,86,73,70,1
349,75,78,75,77,71,76,75,71,80,76,75,84,80,73,65,65,71,72,80,83,77,1
350,65,71,71,72,84,82,78,80,84,89,75,69,86,67,83,69,75,84,71,72,65,1
351,83,75,69,69,89,81,75,86,76,83,75,72,78,70,71,80,73,84,84,68,73,1
352,86,77,67,82,84,71,71,83,71,65,75,71,73,83,67,73,86,86,69,75,71,1
353,68,73,73,75,83,84,72,68,89,87,75,65,76,86,84,75,75,84,68,71,75,1
354,86,81,71,73,78,76,86,81,65,75,75,76,86,69,83,76,80,81,69,73,75,1
355,65,76,89,83,65,65,83,75,69,75,75,76,68,81,86,69,75,69,76,76,82,1
356,75,69,76,76,82,86,71,81,76,76,75,68,80,75,86,83,76,65,86,76,78,1
357,78,80,89,73,75,82,84,86,75,86,75,83,76,78,68,73,84,75,82,69,75,1
358,65,86,76,83,69,76,75,84,86,76,75,83,70,76,83,80,78,81,73,76,75,1
359,73,71,69,75,89,86,68,77,83,65,75,83,75,73,81,75,76,83,75,65,77,1
360,71,70,83,71,89,78,84,82,87,65,75,73,73,76,80,82,76,73,82,75,71,1
361,77,82,71,71,76,71,76,65,71,65,75,65,75,89,82,71,71,69,73,82,69,1
362,83,76,75,68,89,69,69,84,73,71,75,65,75,75,65,87,78,73,87,65,68,1
363,77,70,86,82,65,86,69,69,65,75,75,81,71,71,84,86,86,89,71,71,75,1
364,86,75,86,80,69,84,78,73,76,71,75,73,71,72,71,89,75,89,65,73,71,1
365,81,86,69,75,65,87,78,76,76,81,75,82,76,80,75,65,89,81,84,82,78,1
366,65,73,75,70,65,81,84,86,73,71,75,80,73,69,80,82,82,73,76,78,75,1
367,73,80,86,86,65,86,69,83,68,80,75,81,76,68,84,65,75,75,73,73,84,1
368,65,75,75,73,73,84,83,84,76,69,75,69,65,83,75,83,71,81,65,83,65,1
369,65,71,76,68,86,71,87,75,86,82,75,71,81,71,76,84,71,80,83,76,80,1
370,75,84,71,75,71,87,89,81,89,68,75,80,76,71,82,73,72,75,80,68,80,1
371,82,76,86,65,81,71,83,80,80,76,75,69,87,81,83,76,65,71,80,72,83,1
372,84,89,70,72,80,71,73,78,76,75,75,73,72,89,68,83,73,75,76,89,69,1
373,65,84,84,80,86,82,86,68,69,70,75,89,81,77,84,82,84,78,87,72,65,1
374,76,75,89,80,65,80,86,84,83,76,75,80,82,80,68,71,84,87,68,86,69,1
375,82,80,84,81,82,86,83,71,76,89,75,84,76,75,83,75,67,83,77,71,70,1
376,69,71,78,69,83,73,87,89,75,71,75,86,86,71,78,84,84,83,71,83,89,1
377,77,86,80,82,75,71,81,89,73,70,75,69,73,80,76,76,75,81,70,70,81,1
378,73,80,75,68,70,70,71,69,84,86,75,75,71,83,73,78,65,77,82,70,76,1
379,70,76,69,75,73,83,84,81,81,86,75,78,75,76,73,69,78,84,68,65,65,1
380,80,77,80,65,76,76,81,76,75,69,75,69,65,71,86,86,65,81,65,82,83,1
381,84,69,69,69,76,82,77,80,69,84,75,84,73,70,75,68,76,80,76,80,82,1
382,80,82,76,65,76,78,67,86,71,71,75,83,83,84,69,76,76,82,72,76,65,1
383,76,82,71,70,87,76,83,81,87,75,75,78,72,83,80,68,69,70,75,69,76,1
384,71,80,76,81,86,65,82,86,76,65,75,76,65,69,75,69,75,86,68,76,76,1
385,68,68,70,69,75,75,89,78,65,76,75,73,80,86,80,69,68,75,89,84,65,1
386,78,84,89,76,86,89,83,75,68,80,75,72,67,81,69,70,76,71,83,83,69,1
387,73,69,83,76,71,65,84,78,76,71,75,86,75,72,75,81,67,70,76,89,77,1
388,71,69,76,82,77,71,71,84,76,80,75,89,82,82,81,83,76,73,89,72,86,1
389,78,78,69,75,83,68,65,80,75,65,75,86,69,81,68,83,69,65,82,67,82,1
390,82,67,82,83,65,75,80,71,75,75,75,78,68,70,69,81,71,69,76,89,76,1
391,86,80,84,86,75,76,70,73,68,71,75,70,86,69,83,75,83,68,75,87,73,1
392,65,69,77,68,65,65,86,69,83,67,75,82,65,70,80,65,87,65,68,84,83,1
393,82,89,81,81,76,73,75,69,78,76,75,69,73,65,82,76,73,84,76,69,81,1
394,83,84,65,73,76,86,71,69,65,75,75,87,76,80,69,76,86,68,82,65,75,1
395,68,76,71,80,76,73,84,80,81,65,75,69,82,86,67,78,76,73,68,83,71,1
396,65,81,69,73,68,81,84,78,68,70,75,78,76,82,69,70,87,75,81,76,71,1
397,65,70,69,82,71,68,78,80,70,80,75,78,65,68,71,84,86,82,89,68,83,1
398,86,69,80,86,68,65,83,71,84,69,75,65,70,69,80,65,84,71,82,86,73,1
399,67,67,78,71,84,82,86,70,86,81,75,69,73,65,68,75,70,73,78,69,86,1
400,67,65,75,69,65,65,81,76,71,75,75,86,65,86,65,68,89,86,69,80,83,1
401,84,77,65,69,65,86,81,78,72,86,75,83,76,78,87,71,72,82,86,81,76,1
402,70,76,75,71,67,86,80,83,72,73,75,75,76,80,84,78,81,76,81,86,84,1
403,86,80,69,84,82,84,76,78,76,69,75,65,71,73,83,84,78,80,75,78,81,1
404,76,83,75,78,76,76,75,77,76,83,75,65,86,68,65,76,75,83,68,75,75,1
405,67,68,73,82,86,65,65,83,83,65,75,77,71,76,86,69,84,75,76,65,73,1
406,75,68,82,76,69,71,76,76,65,70,75,69,75,82,80,80,82,89,75,71,69,1
407,69,75,77,75,83,78,69,65,73,83,75,69,76,65,83,81,75,83,76,80,77,1
408,73,76,83,84,71,67,65,80,80,71,75,78,73,89,89,75,83,68,76,84,75,1
409,76,83,69,83,86,84,87,73,73,75,75,81,80,86,69,86,68,82,68,81,76,1
410,84,82,83,81,82,89,69,86,65,86,75,75,83,65,84,77,86,75,75,77,82,1
411,72,89,86,84,86,75,86,70,65,68,75,76,80,75,73,81,68,82,65,86,81,1
412,71,89,76,71,80,68,69,83,75,87,75,65,89,68,65,84,67,76,86,75,65,1
413,65,77,86,65,83,71,83,69,76,71,75,75,76,75,65,84,77,68,65,71,75,1
414,65,86,73,77,71,65,80,71,83,71,75,71,84,86,83,83,82,73,84,75,72,1
415,83,83,82,73,84,75,72,70,69,76,75,72,76,83,83,71,68,76,76,82,81,1
416,71,69,80,76,73,81,82,69,68,68,75,80,69,84,86,73,75,82,76,75,65,1
417,81,84,69,80,86,76,81,89,89,81,75,75,71,86,76,69,84,70,83,71,84,1
418,86,75,71,73,76,82,71,68,68,65,75,69,65,86,75,72,71,86,68,71,73,1
419,82,75,72,73,89,73,68,75,78,84,75,73,73,67,81,71,70,84,71,75,81,1
420,76,76,75,75,68,80,71,78,69,86,75,76,82,76,89,65,76,89,75,81,65,1
421,84,75,73,84,70,78,82,80,84,75,75,78,65,73,83,70,81,77,89,82,68,1
422,80,73,82,84,84,65,68,73,76,83,75,65,80,75,84,76,73,83,76,65,80,1
423,83,84,73,82,70,69,68,68,76,73,75,82,65,76,81,89,83,80,83,89,71,1
424,87,73,75,86,75,71,73,83,68,84,75,81,76,73,69,69,75,65,73,69,82,1
425,69,84,86,68,83,86,75,76,65,68,75,86,78,83,83,87,81,75,75,71,80,1
426,80,86,73,71,68,83,83,86,68,80,75,78,86,75,84,76,73,70,67,83,71,1
427,67,83,71,75,72,70,89,65,76,76,75,81,82,69,83,76,71,84,75,75,72,1
428,73,72,83,67,70,65,77,84,68,82,75,86,65,83,83,68,65,83,78,73,69,1
429,70,83,65,71,82,82,86,67,86,71,75,83,76,65,82,84,69,76,70,76,76,1
430,67,72,84,86,69,75,71,71,75,72,75,84,71,80,78,76,87,71,76,70,71,0
431,65,80,71,70,83,89,84,68,65,78,75,78,75,71,86,73,87,83,69,69,84,0
432,69,84,76,77,69,89,76,69,78,80,75,75,89,73,80,71,84,75,77,73,70,0
433,71,84,75,77,73,70,65,71,73,75,75,75,83,69,82,69,68,76,73,75,89,0
434,77,83,84,65,71,75,86,73,75,67,75,65,65,86,76,87,69,76,72,75,80,0
435,84,73,69,68,73,69,86,65,80,80,75,65,72,69,86,82,73,75,77,86,65,0
436,69,83,86,71,69,71,86,84,67,86,75,80,71,68,75,86,73,80,76,70,83,0
437,83,80,81,67,71,69,67,82,73,67,75,72,80,69,83,78,70,67,83,82,83,0
438,76,82,69,71,84,83,82,70,83,67,75,71,75,81,73,72,78,70,73,83,84,0
439,89,84,86,86,68,68,73,65,86,65,75,73,68,71,65,83,80,76,68,75,86,0
440,71,70,83,84,71,89,71,83,65,86,75,86,65,75,86,84,80,71,83,84,67,0
441,71,86,71,76,83,86,73,73,71,67,75,65,65,71,65,65,82,73,73,65,86,0
442,65,65,82,73,73,65,86,68,73,78,75,68,75,70,65,75,65,75,69,76,71,0
443,84,69,67,73,78,80,81,68,89,83,75,80,73,81,69,86,76,81,69,77,84,0
444,80,77,76,76,76,76,71,82,84,87,75,71,65,73,70,71,71,70,75,83,75,0
445,71,71,70,75,83,75,68,83,86,80,75,76,86,65,68,70,77,65,75,75,70,0
446,80,76,73,84,72,86,76,80,70,69,75,73,78,69,65,70,68,76,76,82,83,0
447,68,75,83,78,73,75,65,65,87,71,75,73,71,71,72,71,65,69,89,71,65,0
448,69,82,77,70,65,83,70,80,84,84,75,84,89,70,80,72,70,68,86,83,72,0
449,70,68,86,83,72,71,83,65,81,86,75,71,72,71,75,75,86,65,68,65,76,0
450,76,83,65,76,83,68,76,72,65,72,75,76,82,86,68,80,86,78,70,75,76,0
451,70,84,80,65,86,72,65,83,76,68,75,70,76,65,83,86,83,84,86,76,84,0
452,86,80,81,65,80,80,86,76,86,70,75,76,84,65,68,70,82,68,68,80,68,0
453,65,68,70,82,68,68,80,68,80,82,75,86,78,76,71,86,71,65,89,82,84,0
454,83,81,80,87,86,76,80,86,86,82,75,86,69,81,75,73,65,78,68,78,83,0
455,76,71,82,87,89,78,71,84,68,78,75,78,84,80,73,89,86,83,83,80,84,0
456,72,78,65,86,70,83,65,65,71,70,75,68,73,82,80,89,67,89,87,68,65,0
457,84,71,84,68,80,84,80,69,81,87,75,81,73,65,65,86,77,81,82,82,70,0
458,89,81,71,70,65,83,71,68,76,69,75,68,65,87,65,73,82,89,70,86,83,0
459,70,69,76,70,67,65,81,83,70,83,75,78,70,71,76,89,78,69,82,86,71,0
460,69,82,86,71,78,76,84,86,86,71,75,69,83,68,83,86,76,82,86,76,83,0
461,65,65,84,76,83,68,80,69,76,70,75,69,87,75,71,78,86,75,84,77,65,0
462,83,69,76,82,65,82,76,69,65,76,75,84,80,71,84,87,83,72,73,84,69,0
463,80,75,81,86,69,89,76,86,78,69,75,72,73,89,76,76,80,83,71,82,73,0
464,71,82,73,78,77,67,71,76,84,84,75,78,76,68,89,86,65,84,83,73,72,0
465,68,80,73,76,71,86,84,69,65,70,75,82,68,84,78,83,75,75,77,78,76,0
466,69,65,81,73,65,65,75,78,76,68,75,69,89,76,80,73,71,71,76,65,69,0
467,76,80,73,71,71,76,65,69,70,67,75,65,83,65,69,76,65,76,71,69,78,0
468,86,71,65,83,70,76,81,82,70,70,75,70,83,82,68,86,70,76,80,75,80,0
469,81,76,81,71,89,82,89,89,68,80,75,84,67,71,70,68,70,83,71,65,76,0
470,68,70,83,71,65,76,69,68,73,83,75,73,80,69,81,83,86,76,76,76,72,0
471,81,87,75,69,73,65,83,86,86,75,75,75,78,76,70,65,70,70,68,77,65,0
472,68,76,82,75,81,87,76,81,69,86,75,71,77,65,68,82,73,73,83,77,82,0
473,77,82,84,81,76,86,83,78,76,75,75,69,71,83,83,72,78,87,81,72,73,0
474,81,73,71,77,70,67,70,84,71,76,75,80,69,81,86,69,82,76,84,75,69,0
475,80,86,81,71,84,73,72,70,69,81,75,65,83,71,69,80,86,86,76,83,71,0
476,83,65,71,80,72,70,78,80,72,83,75,75,72,71,71,80,65,68,69,69,82,0
477,86,71,68,76,71,78,86,84,65,71,75,68,71,86,65,78,86,83,73,69,68,0
478,73,73,71,82,84,77,86,86,72,69,75,81,68,68,76,71,75,71,71,78,69,0
479,83,70,83,84,83,65,81,78,78,65,75,86,65,86,76,71,65,83,71,71,73,0
480,71,73,71,81,80,76,83,76,76,76,75,78,83,80,76,86,83,82,76,84,76,0
481,76,71,80,69,81,76,80,68,67,76,75,71,67,68,86,86,86,73,80,65,71,0
482,86,86,86,73,80,65,71,86,80,82,75,80,71,77,84,82,68,68,76,70,78,0
483,83,84,73,80,73,84,65,69,86,70,75,75,72,71,86,89,78,80,78,75,73,0
484,78,86,80,86,73,71,71,72,65,71,75,84,73,73,80,76,73,83,81,67,84,0
485,86,70,83,76,86,68,65,77,78,71,75,69,71,86,86,69,67,83,70,86,81,0
486,69,65,73,80,69,76,75,65,83,73,75,75,71,69,68,70,86,75,78,77,75,0
487,80,86,65,71,65,65,71,83,82,72,75,72,83,76,80,68,76,80,89,68,89,0
488,78,65,81,73,77,81,76,72,72,83,75,72,72,65,65,89,86,78,78,76,78,0
489,89,86,78,78,76,78,65,84,69,69,75,89,72,69,65,76,65,75,71,68,86,0
490,84,84,81,86,65,76,81,80,65,76,75,70,78,71,71,71,72,73,78,72,84,0
491,72,84,73,70,87,84,78,76,83,80,75,71,71,71,69,80,75,71,69,76,76,0
492,75,82,68,70,71,83,70,69,75,70,75,69,75,76,84,65,86,83,86,71,86,0
493,71,83,71,87,71,87,76,71,70,78,75,69,81,71,82,76,81,73,65,65,67,0
494,86,87,69,72,65,89,89,76,81,89,75,78,86,82,80,68,89,76,75,65,73,0
495,76,65,65,65,71,86,69,70,69,69,75,70,73,81,83,80,69,68,76,69,75,0
496,81,83,80,69,68,76,69,75,76,75,75,68,71,78,76,77,70,68,81,86,80,0
497,81,86,80,77,86,69,73,68,71,77,75,76,86,81,84,82,65,73,76,78,89,0
498,84,82,65,73,76,78,89,73,65,84,75,89,68,76,89,71,75,68,77,75,69,0
499,86,76,67,80,80,68,81,82,69,65,75,84,65,76,65,75,68,82,84,75,78,0
500,84,75,78,82,89,76,80,65,70,69,75,86,76,75,83,72,71,81,68,89,76,0
501,76,84,80,70,80,76,76,75,65,70,75,83,82,73,83,83,76,80,78,86,75,0
502,75,75,70,76,72,80,71,83,81,82,75,80,80,76,68,65,75,81,73,69,69,0
503,76,69,89,84,68,83,83,89,68,69,75,82,89,84,77,71,68,65,80,68,70,0
504,68,70,68,82,83,81,87,76,78,69,75,70,75,76,71,76,68,70,80,78,76,0
505,73,77,76,67,89,78,80,68,70,69,75,81,75,80,69,70,76,75,84,73,80,0
506,69,70,76,75,84,73,80,69,75,77,75,76,89,83,69,70,76,71,75,82,80,0
507,76,71,75,82,80,87,70,65,71,68,75,86,84,89,86,68,70,76,65,89,68,0
508,73,76,68,81,89,82,77,70,69,80,75,67,76,68,65,70,80,78,76,82,68,0
509,82,68,70,76,65,82,70,69,71,76,75,75,73,83,65,89,77,75,83,83,82,0
510,80,69,80,65,75,83,65,80,65,80,75,75,71,83,75,75,65,86,84,75,65,0
511,83,75,75,65,86,84,75,65,81,75,75,68,71,75,75,82,75,82,83,82,75,0
512,82,75,69,83,89,83,86,89,86,89,75,86,76,75,81,86,72,80,68,84,71,0
513,81,86,72,80,68,84,71,73,83,83,75,65,77,71,73,77,78,83,70,86,78,0
514,83,69,65,83,82,76,65,72,89,78,75,82,83,84,73,84,83,82,69,73,81,0
515,86,82,76,76,76,80,71,69,76,65,75,72,65,86,83,69,71,84,75,65,86,0
516,69,80,86,83,76,71,83,76,82,71,75,86,76,76,73,69,78,86,65,83,76,0
517,67,78,81,70,71,72,81,69,78,71,75,78,69,69,73,76,78,83,76,75,89,0
518,71,70,69,80,78,70,84,76,70,69,75,67,69,86,78,71,69,75,65,72,80,0
519,68,68,80,84,65,76,77,84,68,80,75,89,73,73,87,83,80,86,67,82,78,0
520,67,82,78,68,73,65,87,78,70,69,75,70,76,86,71,80,68,71,86,80,86,0
521,77,83,73,82,86,84,81,75,83,89,75,77,83,84,83,71,80,82,65,70,83,0
522,80,78,73,81,65,86,82,84,81,69,75,69,81,73,75,83,76,78,78,75,70,0
523,76,78,78,75,70,65,83,70,73,68,75,86,82,70,76,69,81,81,78,75,77,0
524,76,69,81,81,78,75,77,76,69,84,75,87,83,76,76,81,81,81,75,84,83,0
525,82,82,81,76,69,65,76,71,81,69,75,76,75,76,69,65,69,76,71,78,77,0
526,71,78,77,81,71,76,86,69,68,70,75,78,75,89,69,68,69,73,78,75,82,0
527,84,69,77,69,78,69,70,86,76,73,75,75,68,86,68,69,65,89,77,78,75,0
528,82,65,69,65,69,84,77,89,81,73,75,89,69,69,76,81,84,76,65,71,75,0
529,71,75,72,71,68,68,76,82,82,84,75,84,69,73,83,69,77,78,82,78,73,0
530,78,82,76,81,65,69,73,69,65,76,75,71,81,82,65,83,76,69,65,65,73,0
531,71,69,77,65,73,75,68,65,81,84,75,76,65,69,76,69,65,65,76,81,82,0
532,76,82,69,89,81,69,76,77,78,86,75,76,65,76,68,73,69,73,84,84,89,0
533,83,71,77,81,78,77,83,73,72,84,75,84,84,83,71,89,83,71,71,76,83,0
534,71,71,83,78,84,70,83,82,84,84,75,65,86,86,86,75,75,73,69,84,82,0
535,86,86,75,75,73,69,84,82,68,71,75,76,86,83,69,83,83,68,86,86,83,0
536,82,73,76,76,78,78,65,65,76,82,75,71,72,84,83,86,86,82,72,70,87,0
537,84,83,86,86,82,72,70,87,67,71,75,80,86,81,83,81,86,81,76,75,71,0
538,81,76,75,71,82,68,76,76,84,76,75,78,70,84,71,69,69,73,81,89,77,0
539,87,76,83,65,68,76,75,70,82,73,75,81,75,71,69,89,76,80,76,76,81,0
540,89,75,81,83,68,76,68,84,76,65,75,69,65,83,73,80,73,86,78,71,76,0
541,76,84,76,81,69,72,89,71,83,76,75,71,76,84,76,83,87,73,71,68,71,0
542,73,76,72,83,73,77,77,83,65,65,75,70,71,77,72,76,81,65,65,84,80,0
543,65,69,81,89,65,75,69,78,71,84,75,76,83,77,84,78,68,80,76,69,65,0
544,87,73,83,77,71,81,69,68,69,75,75,75,82,76,81,65,70,81,71,89,81,0
545,83,76,86,70,80,69,65,69,78,82,75,87,84,73,77,65,86,77,86,83,76,0
546,81,83,81,69,78,70,69,80,70,77,75,65,73,71,76,80,69,68,76,73,81,0
547,71,76,80,69,68,76,73,81,75,71,75,68,73,75,71,86,83,69,73,86,72,0
548,71,86,83,69,73,86,72,69,71,75,75,73,75,76,84,73,84,89,71,80,75,0
549,69,67,69,76,69,84,77,84,71,69,75,86,75,65,86,86,75,76,69,71,68,0
550,69,71,68,78,75,77,86,84,84,70,75,71,73,75,83,86,84,69,76,78,71,0
551,89,83,73,71,78,71,83,86,70,71,75,68,81,80,73,73,76,86,76,76,68,0
552,80,76,76,81,68,86,73,65,84,68,75,69,69,73,65,70,75,68,76,68,86,0
553,83,77,80,82,82,69,71,77,69,82,75,68,76,76,75,65,78,86,75,73,70,0
554,73,70,75,83,81,71,84,65,76,69,75,89,65,75,75,83,86,75,86,73,86,0
555,80,65,78,84,78,67,76,84,65,83,75,83,65,80,83,73,80,75,69,78,70,0
556,67,76,84,82,76,68,72,78,82,65,75,83,81,73,65,76,75,76,71,86,84,0
557,86,78,72,65,75,86,75,76,81,71,75,69,86,71,86,89,69,65,76,75,68,0
558,89,69,65,76,75,68,68,83,87,76,75,71,69,70,73,84,84,86,81,81,82,0
559,84,86,81,81,82,71,65,65,86,73,75,65,82,75,76,83,83,65,77,83,65,0
560,76,89,83,70,80,86,86,73,75,78,75,84,87,75,70,86,69,71,76,80,73,0
561,71,76,80,73,78,68,70,83,82,69,75,77,68,76,84,65,75,69,76,84,69,0
562,76,68,84,83,67,73,76,86,87,76,75,69,81,71,89,68,86,73,65,89,76,0
563,86,73,65,89,76,65,78,73,71,81,75,69,68,70,69,69,65,82,75,75,65,0
564,65,82,75,75,65,76,75,76,71,65,75,75,86,70,73,69,68,86,83,75,69,0
565,76,84,67,89,83,76,65,80,81,73,75,86,73,65,80,87,82,77,80,69,70,0
566,87,82,77,80,69,70,89,78,82,70,75,71,82,78,68,76,77,69,89,65,75,0
567,81,72,71,73,80,73,80,86,84,80,75,83,80,87,83,77,68,69,78,76,77,0
568,83,89,69,65,71,73,76,69,78,80,75,78,81,65,80,80,71,76,89,84,75,0
569,71,76,89,84,75,84,81,68,80,65,75,65,80,78,83,80,68,86,76,69,73,0
570,78,83,80,68,86,76,69,73,69,70,75,75,71,86,80,86,75,86,84,78,73,0
571,76,70,77,89,76,78,69,86,65,71,75,72,71,86,71,82,73,68,73,86,69,0
572,68,73,86,69,78,82,70,73,71,77,75,83,82,71,73,89,69,84,80,65,71,0
573,69,65,70,84,77,68,82,69,86,82,75,73,75,81,71,76,71,76,75,70,65,0
574,69,67,69,70,86,82,72,67,73,81,75,83,81,69,82,86,69,71,75,86,81,0
575,86,69,71,75,86,81,86,83,86,70,75,71,81,86,89,73,76,71,82,69,83,0
576,71,70,73,78,73,78,83,76,82,76,75,69,89,72,82,76,81,83,75,86,84,0
577,80,84,86,69,86,68,76,89,84,65,75,71,76,70,82,65,65,86,80,83,71,0
578,89,69,65,76,69,76,82,68,78,68,75,84,82,70,77,71,75,71,86,83,81,0
579,71,86,83,81,65,86,69,72,73,78,75,84,73,65,80,65,76,86,83,75,75,0
580,83,75,75,86,78,86,86,69,81,69,75,73,68,75,76,77,73,69,77,68,71,0
581,76,77,73,69,77,68,71,84,69,78,75,83,75,70,71,65,78,65,73,76,71,0
582,65,73,76,71,86,83,76,65,86,67,75,65,71,65,86,69,75,71,86,80,76,0
583,86,73,78,71,71,83,72,65,71,78,75,76,65,77,81,69,70,77,73,76,80,0
584,82,73,71,65,69,86,89,72,78,76,75,78,86,73,75,69,75,89,71,75,68,0
585,76,69,78,75,69,65,76,69,76,76,75,84,65,73,65,75,65,71,89,84,68,0
586,86,65,65,83,69,70,89,82,83,71,75,89,68,76,68,70,75,83,80,68,68,0
587,73,84,80,68,81,76,65,68,76,89,75,83,70,86,81,78,89,80,86,86,83,0
588,70,68,81,68,68,87,71,65,87,81,75,70,84,65,83,65,71,73,81,86,86,0
589,86,71,68,68,76,84,86,84,78,80,75,82,73,65,75,65,65,83,69,75,83,0
590,83,69,75,83,67,78,67,76,76,76,75,86,78,81,73,71,83,86,84,69,83,0
591,71,83,86,84,69,83,76,81,65,67,75,76,65,81,83,78,71,87,71,86,77,0
592,76,86,86,71,76,67,84,71,81,73,75,84,71,65,80,67,82,83,69,82,76,0
593,82,73,69,69,69,76,71,83,75,65,75,70,65,71,82,83,70,82,78,80,76,0
594,68,83,82,68,80,65,83,68,81,77,75,81,87,75,69,81,82,65,83,81,82,0
595,84,84,71,71,71,78,80,73,71,68,75,76,78,73,77,84,65,71,83,82,71,0
596,69,82,73,80,69,82,86,86,72,65,75,71,65,71,65,70,71,89,70,69,86,0
597,69,86,84,72,68,73,84,82,89,83,75,65,75,86,70,69,72,73,71,75,82,0
598,84,86,82,68,80,82,71,70,65,86,75,70,89,84,69,68,71,78,87,68,76,0
599,73,76,70,80,83,70,73,72,83,81,75,82,78,80,81,84,72,76,75,68,80,0
600,72,77,78,71,89,71,83,72,84,70,75,76,86,78,65,68,71,69,65,86,89,0
601,71,69,65,86,89,67,75,70,72,89,75,84,68,81,71,73,75,78,76,80,86,0
602,87,84,70,89,73,81,86,77,84,70,75,69,65,69,84,70,80,70,78,80,70,0
603,84,70,80,70,78,80,70,68,76,84,75,86,87,80,72,75,68,89,80,76,73,0
604,72,75,68,89,80,76,73,80,86,71,75,76,86,76,78,75,78,80,86,78,89,0
605,77,80,80,71,73,69,80,83,80,68,75,77,76,81,71,82,76,70,65,89,80,0
606,89,84,75,86,76,78,69,69,69,82,75,82,76,67,69,78,73,65,71,72,76,0
607,76,75,68,65,81,76,70,73,81,75,75,65,86,75,78,70,84,68,86,72,80,0
608,81,65,76,76,68,75,89,78,65,69,75,80,75,78,65,73,72,84,89,84,81,0
609,86,82,84,71,89,71,75,68,77,86,75,86,76,72,73,81,82,68,71,75,89,0
610,73,81,82,68,71,75,89,72,83,73,75,69,86,65,84,83,86,81,76,84,76,0
611,65,84,83,86,81,76,84,76,82,83,75,75,68,89,76,72,71,68,78,83,68,0
612,84,73,75,78,84,86,72,86,76,65,75,76,82,71,73,82,78,73,69,84,70,0
613,65,72,86,89,86,69,69,86,80,87,75,82,70,69,75,78,71,73,75,72,86,0
614,78,71,80,80,86,73,72,83,71,73,75,68,76,75,86,76,75,84,84,81,83,0
615,84,84,81,83,71,70,69,71,70,76,75,68,81,70,84,84,76,80,69,86,75,0
616,68,82,67,70,65,84,81,86,89,67,75,87,82,89,81,82,82,68,86,68,70,0
617,68,75,71,69,89,83,80,83,86,81,75,84,76,89,68,73,81,86,76,83,76,0
618,78,73,72,89,70,78,73,68,77,83,75,77,71,76,73,78,75,69,69,86,76,0
619,86,76,76,80,76,68,78,80,89,71,75,73,84,71,84,86,75,82,75,76,80,0
620,68,76,75,84,82,69,83,69,69,81,75,82,78,82,86,82,71,73,76,82,73,0
621,65,81,72,83,81,72,82,84,80,67,75,71,71,73,82,89,83,84,68,86,83,0
622,89,83,84,68,86,83,86,68,69,86,75,65,76,65,83,76,77,84,89,75,67,0
623,65,86,86,68,86,80,70,71,71,65,75,65,71,86,75,73,78,80,75,78,89,0
624,80,75,78,89,84,68,78,69,76,69,75,73,84,82,82,70,84,77,69,76,65,0
625,68,73,78,65,72,65,67,86,84,71,75,80,73,83,81,71,71,73,72,71,82,0
626,73,76,71,77,84,80,71,70,71,68,75,84,70,86,86,81,71,70,71,78,86,0
627,83,77,82,89,76,72,82,70,71,65,75,67,86,71,86,71,69,83,68,71,83,0
628,83,73,87,78,80,68,71,73,68,80,75,69,76,69,68,70,75,76,81,72,71,0
629,72,71,83,73,76,71,70,80,75,65,75,86,89,69,71,83,73,76,69,65,68,0
630,67,68,73,76,73,80,65,65,83,69,75,81,76,84,75,83,78,65,80,82,86,0
631,65,78,71,80,84,84,80,69,65,68,75,73,70,76,69,82,78,73,77,86,73,0
632,71,86,84,86,83,89,70,69,87,76,75,78,76,78,72,86,83,89,71,82,76,0
633,78,72,86,83,89,71,82,76,84,70,75,89,69,82,68,83,78,89,72,76,76,0
634,76,77,83,86,81,69,83,76,69,82,75,70,71,75,72,71,71,84,73,80,86,0
635,65,89,86,78,65,73,69,75,86,70,75,86,89,78,69,65,71,86,84,70,84,0
636,76,89,89,80,72,77,80,80,69,69,75,69,65,83,76,65,75,73,75,69,81,0
637,82,86,70,86,86,71,86,71,77,84,75,70,77,75,80,71,71,69,78,83,82,0
638,89,80,68,77,65,75,69,65,71,81,75,65,76,69,68,65,81,73,80,89,83,0
639,65,78,67,86,76,65,76,71,70,69,75,77,69,82,71,83,73,71,84,75,70,0
640,84,68,75,72,73,69,86,76,73,68,75,89,71,76,83,65,72,80,73,84,80,0
641,73,84,80,81,77,70,71,89,65,71,75,69,72,77,69,75,89,71,84,75,86,0
642,75,89,71,84,75,86,69,72,70,65,75,73,71,87,75,78,72,75,72,83,86,0
643,69,70,86,81,81,89,71,76,81,83,75,65,86,69,73,86,65,81,69,77,77,0
644,77,84,68,76,80,83,84,70,69,69,75,83,73,73,75,86,86,71,89,68,77,0
645,83,75,69,65,65,82,82,67,89,69,75,83,71,76,84,80,78,68,86,68,86,0
646,86,68,82,71,68,78,84,89,71,71,75,87,86,73,78,80,83,71,71,76,73,0
647,76,67,87,81,76,82,71,69,65,71,75,82,81,86,80,71,65,75,86,65,76,0
648,65,80,84,83,83,65,71,68,71,70,75,65,78,76,86,70,75,69,73,69,75,0
649,86,75,75,73,71,71,73,70,65,70,75,86,75,68,71,80,71,71,75,69,65,0
650,65,84,87,86,86,68,86,75,78,71,75,71,83,86,76,80,78,83,68,75,75,0
651,68,83,68,76,76,65,76,77,84,71,75,77,78,80,81,83,65,70,70,81,71,0
652,75,73,65,71,78,77,71,76,65,77,75,76,81,78,76,81,76,81,80,71,75,0
653,86,83,82,86,76,65,71,83,65,81,75,80,65,83,82,86,76,86,65,83,82,0
654,78,70,65,78,68,65,84,70,69,73,75,75,67,68,76,72,82,76,69,69,71,0
655,84,84,86,76,84,82,69,68,71,76,75,89,89,82,77,77,81,84,86,82,82,0
656,77,77,81,84,86,82,82,77,69,76,75,65,68,81,76,89,75,81,75,73,73,0
657,69,76,84,71,82,82,71,71,67,65,75,71,75,71,71,83,77,72,77,89,65,0
658,80,76,71,65,71,73,65,76,65,67,75,89,78,71,75,68,69,86,67,76,84,0
659,70,69,65,89,78,77,65,65,76,87,75,76,80,67,73,70,73,67,69,78,78,0
660,69,82,65,65,65,83,84,68,89,89,75,82,71,68,70,73,80,71,76,82,86,0
661,75,70,65,65,65,89,67,82,83,71,75,71,80,73,76,77,69,76,81,84,89,0
662,84,82,69,69,73,81,69,86,82,83,75,83,68,80,73,77,76,76,75,68,82,0
663,78,83,78,76,65,83,86,69,69,76,75,69,73,68,86,69,86,82,75,69,73,0
664,71,72,86,81,82,65,69,77,86,80,75,83,83,71,65,82,83,80,83,80,71,0
665,82,69,76,82,82,82,80,69,68,77,75,84,75,77,69,76,77,73,77,69,84,0
666,65,68,70,84,86,68,82,87,69,82,75,69,71,71,71,71,73,84,67,86,76,0
667,69,65,65,78,81,77,82,71,82,71,75,84,76,75,84,75,68,83,75,76,80,0
668,65,77,71,86,83,83,86,73,72,80,75,78,80,89,65,80,84,77,72,70,78,0
669,69,68,65,86,72,70,72,82,84,76,75,69,65,67,68,81,72,71,80,68,73,0
670,67,68,81,72,71,80,68,73,89,80,75,70,75,75,87,67,68,68,89,70,70,0
671,73,70,70,68,68,76,68,83,80,83,75,69,69,65,70,82,70,86,75,84,67,0
672,65,86,86,80,83,89,86,80,73,86,75,75,72,67,68,68,83,89,84,80,82,0
673,69,89,77,72,83,80,80,69,78,83,75,69,65,69,73,76,69,86,76,82,72,0
674,86,83,84,83,83,77,71,84,76,80,75,81,86,75,73,86,69,86,71,80,82,0
675,78,69,75,83,73,86,80,84,80,86,75,73,82,76,73,68,77,76,83,69,65,0
676,86,73,69,65,84,83,70,86,83,80,75,87,86,80,81,77,65,68,72,83,68,0
677,68,72,83,68,86,76,75,71,73,81,75,70,80,71,73,78,89,80,86,76,84,0
678,73,78,89,80,86,76,84,80,78,77,75,71,70,69,69,65,86,65,65,71,65,0
679,83,67,65,76,71,67,80,89,69,71,75,86,83,80,65,75,86,65,69,86,65,0
680,84,73,71,86,71,84,80,71,76,77,75,68,77,76,84,65,86,77,72,69,86,0
681,86,65,71,76,71,71,67,80,89,65,75,71,65,83,71,78,76,65,84,69,68,0
682,76,71,73,72,84,71,86,78,76,81,75,76,76,69,65,71,68,70,73,67,81,0
683,71,68,70,73,67,81,65,76,78,82,75,84,83,83,75,86,65,81,65,84,67,0
684,83,82,82,68,89,65,83,69,65,73,75,71,65,86,86,71,73,68,76,71,84,0
685,67,86,65,86,77,69,71,75,81,65,75,86,76,69,78,65,69,71,65,82,84,0
686,68,71,69,82,76,86,71,77,80,65,75,82,81,65,86,84,78,80,78,78,84,0
687,84,78,80,78,78,84,70,89,65,84,75,82,76,73,71,82,82,89,68,68,80,0
688,86,81,75,68,84,75,78,86,80,70,75,73,86,82,65,83,78,71,68,65,87,0
689,78,71,68,65,87,86,69,65,72,71,75,76,89,83,80,83,81,73,71,65,70,0
690,80,83,81,73,71,65,70,86,76,77,75,77,75,69,84,65,69,78,89,76,71,0
691,84,65,69,78,89,76,71,72,84,65,75,78,65,86,73,84,86,80,65,89,70,0
692,89,70,78,68,83,81,82,81,65,84,75,68,65,71,81,73,83,71,76,78,86,0
693,84,65,65,65,76,65,89,71,76,68,75,83,69,68,75,86,73,65,86,89,68,0
694,76,69,73,81,75,71,86,70,69,86,75,83,84,78,71,68,84,70,76,71,71,0
695,65,76,81,82,86,82,69,65,65,69,75,65,75,67,69,76,83,83,83,86,81,0
696,80,89,76,84,77,68,65,83,71,80,75,72,76,78,77,75,76,84,82,65,81,0
697,81,75,65,77,81,68,65,69,86,83,75,83,68,73,71,69,86,73,76,86,71,0
698,73,76,86,71,71,77,84,82,77,80,75,86,81,81,84,86,81,68,76,70,71,0
699,71,73,69,84,76,71,71,86,70,84,75,76,73,78,82,78,84,84,73,80,84,0
700,65,65,68,71,81,84,81,86,69,73,75,86,67,81,71,69,82,69,77,65,71,0
701,81,71,69,82,69,77,65,71,68,78,75,76,76,71,81,70,84,76,73,71,73,0
702,68,65,78,71,73,86,72,86,83,65,75,68,75,71,84,71,82,69,81,81,73,0
703,73,86,73,81,83,83,71,71,76,83,75,68,68,73,69,78,77,86,75,78,65,0
704,65,69,75,89,65,69,69,68,82,82,75,75,69,82,86,69,65,86,78,77,65,0
705,65,69,71,73,73,72,68,84,69,84,75,77,69,69,70,75,68,81,76,80,65,0
706,75,68,81,76,80,65,68,69,67,78,75,76,75,69,69,73,83,75,77,82,65,0
707,65,65,83,83,76,81,81,65,83,76,75,76,70,69,77,65,89,75,75,77,65,0
708,84,69,71,80,65,71,86,65,86,77,75,76,82,78,80,80,86,78,83,76,83,0
709,67,76,84,69,70,84,73,83,76,69,75,76,69,78,68,75,83,73,82,71,86,0
710,82,78,80,65,72,89,65,69,89,87,75,78,86,81,69,76,87,76,82,76,89,0
711,67,68,89,82,86,77,65,68,78,80,75,89,84,73,71,76,78,69,83,76,76,0
712,76,76,71,73,86,65,80,70,87,70,75,68,77,89,86,78,84,73,71,72,82,0
713,71,84,76,70,83,80,65,69,65,76,75,86,71,86,86,68,69,86,86,80,69,0
714,65,73,80,68,72,83,82,81,76,84,75,78,77,77,82,75,65,84,65,68,78,0
715,83,72,70,69,67,82,84,81,72,83,75,65,65,72,75,81,69,80,71,76,71,0
716,71,70,83,70,69,76,84,69,81,81,75,69,70,81,65,84,65,82,75,70,65,0
717,69,73,73,80,86,65,80,69,89,68,75,83,71,69,89,80,70,80,76,73,75,0
718,80,86,73,76,65,71,78,68,81,81,75,75,75,89,76,71,82,77,84,69,81,0
719,80,83,65,71,83,68,86,65,65,73,75,84,75,65,69,75,75,71,68,69,89,0
720,75,71,68,69,89,86,73,78,71,81,75,77,87,73,84,78,71,71,75,65,78,0
721,69,65,68,84,80,71,73,72,73,71,75,75,69,76,78,77,71,81,82,67,83,0
722,78,86,76,73,71,69,71,65,71,70,75,73,65,77,71,65,70,68,82,84,82,0
723,76,65,81,82,65,76,68,69,65,84,75,89,65,76,68,82,75,84,70,71,75,0
724,89,71,70,78,84,69,89,80,86,69,75,76,77,82,68,65,75,73,89,81,73,0
725,83,65,82,65,82,83,83,83,69,68,75,73,84,86,72,70,75,78,82,68,71,0
726,82,68,71,69,84,76,84,84,75,71,75,73,71,68,83,76,76,68,86,86,73,0
727,72,76,73,70,69,68,72,73,89,69,75,76,68,65,73,84,68,69,69,78,68,0
728,83,82,76,71,67,81,86,67,76,84,75,65,77,68,78,77,84,86,82,86,80,0
729,78,78,69,87,72,68,65,86,83,82,75,84,70,80,84,86,78,80,83,84,71,0
730,86,65,69,71,78,75,69,68,86,68,75,65,86,75,65,65,82,65,65,70,81,0
731,83,89,76,86,68,76,68,77,86,76,75,67,76,82,89,89,65,71,87,65,68,0
732,89,65,71,87,65,68,75,89,72,71,75,84,73,80,73,68,71,68,70,70,83,0
733,87,78,70,80,76,76,77,81,65,87,75,76,71,80,65,76,65,84,71,78,86,0
734,65,76,65,84,71,78,86,86,86,77,75,86,65,69,81,84,80,76,84,65,76,0
735,76,84,65,76,89,86,65,78,76,73,75,69,65,71,70,80,80,71,86,86,78,0
736,65,65,73,65,83,72,69,71,86,68,75,86,65,70,84,71,83,84,69,86,71,0
737,73,81,86,65,65,71,83,83,78,76,75,82,86,84,76,69,76,71,71,75,83,0
738,69,70,86,69,82,83,86,65,82,65,75,83,82,86,86,71,78,80,70,68,83,0
739,71,80,81,86,68,69,84,81,70,75,75,73,76,71,89,73,75,83,71,81,81,0
740,70,73,81,80,84,86,70,71,68,86,75,68,71,77,84,73,65,75,69,69,73,0
741,69,73,70,71,80,86,77,81,73,76,75,70,75,84,73,69,69,86,86,71,82,0
742,69,69,86,86,71,82,65,78,68,83,75,89,71,76,65,65,65,86,70,84,75,0
743,65,65,65,86,70,84,75,68,76,68,75,65,78,89,76,83,81,65,76,81,65,0
744,70,71,65,81,83,80,70,71,71,89,75,77,83,71,83,71,82,69,76,71,69,0
745,69,89,71,76,81,65,89,84,69,86,75,84,86,84,86,75,86,80,81,75,78,0
746,76,65,71,71,73,65,65,65,86,83,75,84,65,86,65,80,73,69,82,86,75,0
747,75,76,76,76,81,86,81,72,65,83,75,81,73,83,65,69,75,81,89,75,71,0
748,71,73,73,68,67,86,86,82,73,80,75,69,81,71,70,76,83,70,87,82,71,0
749,70,80,84,81,65,76,78,70,65,70,75,68,75,89,75,81,73,70,76,71,71,0
750,81,73,70,76,71,71,86,68,82,72,75,81,70,87,82,89,70,65,71,78,76,0
751,65,82,84,82,76,65,65,68,86,71,75,71,83,83,81,82,69,70,78,71,76,0
752,69,70,78,71,76,71,68,67,76,84,75,73,70,75,83,68,71,76,75,71,76,0
753,65,65,89,70,71,86,89,68,84,65,75,71,77,76,80,68,80,75,78,86,72,0
754,82,82,82,77,77,77,81,83,71,82,75,71,65,68,73,77,89,84,71,84,76,0
755,77,89,84,71,84,76,68,67,87,82,75,73,65,75,68,69,71,65,78,65,70,0
756,81,81,81,81,70,80,83,76,68,68,75,80,81,70,80,71,65,83,65,69,70,0
757,70,80,71,65,83,65,69,70,86,68,75,76,69,70,73,81,80,78,86,73,83,0
758,68,80,72,76,80,81,69,69,86,76,75,70,89,82,83,77,84,76,76,78,84,0
759,81,67,89,71,78,86,78,68,80,71,75,71,82,81,77,80,86,72,89,71,67,0
760,80,81,65,86,71,65,65,89,65,65,75,82,65,78,65,78,82,73,86,73,67,0
761,78,68,86,70,65,86,89,78,65,84,75,69,65,82,82,82,65,86,65,69,78,0
762,82,83,86,68,69,86,78,89,87,68,75,81,68,72,80,73,83,82,76,82,81,0
763,78,81,71,87,87,68,69,69,81,69,75,65,87,82,75,81,83,82,75,75,86,0
764,86,77,69,65,70,69,81,65,69,82,75,76,75,80,78,80,83,76,76,70,83,0
765,84,76,83,83,68,65,83,84,82,69,75,80,65,82,65,69,83,75,83,70,65,0
766,69,83,75,83,70,65,86,71,77,70,75,71,81,76,84,73,68,81,86,70,80,0
767,86,76,83,69,69,81,65,81,70,76,75,69,76,86,71,80,86,65,82,70,70,0
768,78,68,80,65,75,78,68,65,76,69,75,86,69,68,68,84,76,81,71,76,75,0
769,84,76,71,65,72,81,83,73,71,70,75,71,73,76,76,89,71,84,75,65,81,0
770,76,76,89,71,84,75,65,81,82,69,75,89,76,80,82,86,65,83,71,81,65,0
771,82,83,83,65,73,80,83,80,67,71,75,89,89,84,76,78,71,83,75,73,87,0
772,71,76,65,68,73,70,84,86,70,65,75,84,80,73,75,68,65,65,84,71,65,0
773,75,68,65,65,84,71,65,86,75,69,75,73,84,65,70,86,86,69,82,83,70,0
774,71,71,86,84,72,71,76,80,69,75,75,77,71,73,75,65,83,78,84,83,69,0
775,78,84,83,69,86,89,70,68,71,86,75,86,80,83,69,78,86,76,71,69,86,0
776,71,77,65,65,84,76,65,71,84,77,75,83,76,73,65,75,65,86,68,72,65,0
777,72,65,84,78,82,84,81,70,71,68,75,73,72,78,70,71,86,73,81,69,75,0
778,77,76,83,65,78,77,68,81,71,70,75,68,70,81,73,69,65,65,73,83,75,0
779,83,75,73,70,67,83,69,65,65,87,75,86,65,68,69,67,73,81,73,77,71,0
780,73,81,73,77,71,71,77,71,70,77,75,69,80,71,86,69,82,86,76,82,68,0
781,76,70,86,65,76,81,71,67,77,68,75,71,75,69,76,84,71,76,71,78,65,0
782,78,86,71,76,76,77,71,69,65,71,75,81,76,82,82,82,84,71,73,71,83,0
783,76,68,81,70,65,84,86,86,69,65,75,76,86,75,72,75,75,71,73,86,78,0
784,69,76,70,82,78,70,82,83,73,83,75,65,77,86,69,78,71,71,76,86,84,0
785,82,76,76,76,82,83,76,82,86,76,75,65,82,83,65,80,82,80,80,80,83,0
786,65,69,65,82,76,69,84,80,83,65,75,75,76,84,68,86,71,73,82,82,73,0
787,69,72,68,73,70,82,69,83,86,82,75,70,70,81,69,69,86,73,80,72,72,0
788,81,71,76,76,71,73,78,73,65,69,75,72,71,71,73,71,71,68,76,76,83,0
789,86,77,80,89,73,65,78,89,71,84,75,69,81,73,69,75,70,73,80,81,77,0
790,69,75,70,73,80,81,77,84,65,71,75,67,73,71,65,73,65,77,84,69,80,0
791,83,71,83,68,87,73,76,78,71,83,75,86,70,73,84,78,71,87,76,83,68,0
792,73,83,76,70,76,86,69,78,71,77,75,71,70,73,75,71,82,75,76,72,75,0
793,80,65,78,65,76,76,71,69,69,78,75,71,70,89,89,76,77,81,69,76,80,0
794,84,86,65,72,73,81,84,86,81,72,75,76,65,69,76,75,84,72,73,67,86,0
795,86,68,83,67,76,81,76,72,69,84,75,82,76,68,83,71,83,65,83,77,65,0
796,87,71,89,77,87,69,89,80,73,65,75,65,89,86,68,65,82,86,81,80,73,0
797,80,73,89,71,71,84,78,69,73,77,75,69,76,73,65,82,81,73,86,83,68,0
798,86,73,86,78,68,76,71,71,68,70,75,71,73,71,75,71,83,83,65,65,68,0
799,65,68,75,86,86,65,69,73,82,82,75,71,71,75,65,86,65,78,89,68,83,0
800,81,86,84,82,65,65,87,68,72,77,75,75,81,78,89,71,82,73,76,77,84,0
801,76,67,78,84,76,65,73,69,71,82,75,78,78,73,72,67,78,84,73,65,80,0
802,86,76,80,69,68,76,86,69,65,76,75,80,69,89,86,65,80,76,86,76,87,0
803,76,70,69,86,71,65,71,87,73,71,75,76,82,87,69,82,84,76,71,65,73,0
804,87,69,82,84,76,71,65,73,86,82,75,82,78,81,80,77,84,80,69,65,86,0
805,84,80,69,65,86,82,68,78,87,69,75,73,67,68,70,83,78,65,83,75,80,0
806,83,84,71,71,73,86,69,86,76,72,75,86,68,83,69,71,73,83,80,78,82,0
807,84,83,71,70,86,71,65,86,71,72,75,76,80,83,70,83,83,83,89,84,69,0
808,77,89,65,76,71,86,71,65,83,86,75,78,80,75,68,76,75,70,86,89,69,0
809,76,80,84,70,71,86,73,86,65,81,75,83,77,77,78,71,71,76,65,69,86,0
810,76,72,71,69,81,89,76,69,76,89,75,80,76,80,82,83,71,69,76,75,67,0
811,73,86,77,68,86,89,83,89,83,71,75,69,76,73,67,89,78,81,70,83,86,0
812,70,86,86,71,83,71,71,70,71,71,75,82,84,83,69,75,76,75,65,65,86,0
813,81,70,65,68,78,68,86,83,82,70,75,65,73,75,86,82,70,65,75,80,86,0
814,80,71,81,84,76,81,84,69,77,87,75,69,71,78,82,73,72,70,81,84,75,0
815,76,86,70,71,69,73,71,82,82,76,75,83,86,71,82,69,86,86,75,75,65,0
816,65,78,65,86,70,69,87,72,73,84,75,71,71,84,86,65,65,75,87,84,73,0
817,84,86,65,65,75,87,84,73,68,76,75,83,71,83,71,69,86,89,81,71,80,0
818,69,86,86,70,71,75,76,68,80,81,75,65,70,70,83,71,82,76,75,65,82,0
819,75,65,82,71,78,73,77,76,83,81,75,76,81,77,73,76,75,68,89,65,75,0
820,65,82,68,69,71,83,75,65,70,70,75,71,65,87,83,78,86,76,82,71,77,0
821,87,89,83,80,71,84,82,81,65,82,75,69,89,81,69,82,72,86,80,71,65,0
822,86,76,78,71,71,70,82,78,87,76,75,69,71,72,80,86,84,83,69,80,83,0
823,69,80,83,82,80,69,80,65,86,70,75,65,84,76,78,76,83,76,76,75,84,0
824,86,78,77,80,70,77,68,70,76,84,75,68,71,70,69,75,83,80,69,69,76,0
825,76,83,81,80,76,73,65,84,67,82,75,71,86,84,65,67,72,86,65,76,65,0
826,65,65,71,67,68,70,78,78,86,86,75,84,84,86,76,76,65,68,77,78,68,0
827,78,68,70,71,84,86,78,69,73,89,75,84,89,70,81,71,83,76,80,65,82,0
828,81,68,83,76,80,82,76,80,73,80,75,76,69,68,84,77,75,82,89,76,83,0
829,75,80,76,76,78,68,83,81,70,82,75,84,69,86,76,67,75,68,70,69,78,0
830,76,67,75,68,70,69,78,71,73,71,75,69,76,72,65,72,76,76,65,81,68,0
831,65,72,76,76,65,81,68,75,81,78,75,72,84,83,89,73,83,71,80,87,70,0
832,78,80,70,77,65,70,78,80,68,80,75,83,69,89,78,68,81,76,84,82,65,0
833,78,76,84,86,83,65,86,82,70,76,75,84,76,82,65,71,76,76,69,80,69,0
834,78,80,65,82,83,68,84,68,65,70,75,82,76,73,82,70,86,80,83,83,76,0
835,70,82,76,70,78,83,84,82,73,80,75,80,83,82,68,69,76,70,84,68,84,0
836,86,78,80,83,69,73,81,65,72,76,75,89,73,76,83,68,83,83,80,86,80,0
837,78,82,68,86,87,65,69,76,82,81,75,76,73,72,71,71,78,69,69,84,76,0
838,70,67,76,67,76,68,68,70,80,77,75,68,76,86,72,76,83,72,84,77,76,0
839,72,71,68,71,84,78,82,87,70,68,75,83,70,78,76,73,86,65,75,68,71,0
840,65,65,84,68,83,83,86,83,86,81,75,76,83,70,75,76,83,83,65,76,75,0
841,83,65,76,75,65,71,86,84,65,65,75,69,75,70,68,65,84,77,75,84,76,0
842,73,68,65,73,81,70,81,82,71,71,75,69,70,76,75,75,75,75,76,83,80,0
843,69,84,73,82,80,65,83,73,70,84,75,82,67,83,69,65,70,86,82,69,80,0
844,69,76,81,72,77,77,65,69,67,83,75,89,72,71,81,76,84,75,69,65,65,0
845,78,65,82,69,70,76,72,67,86,81,75,67,76,69,68,77,70,68,65,76,69,0
846,80,69,81,80,82,82,72,89,65,69,75,82,73,75,86,69,75,80,86,86,69,0
847,69,77,84,82,73,73,87,81,70,73,75,69,75,76,73,76,80,72,86,68,86,0
848,76,73,76,80,72,86,68,86,81,76,75,89,70,68,76,71,76,80,78,82,68,0
849,86,84,73,68,83,65,76,65,84,81,75,89,83,86,65,86,75,67,65,84,73,0
850,84,80,68,69,65,82,86,69,69,70,75,76,75,75,77,87,75,83,80,78,71,0
851,71,84,86,70,82,69,80,73,73,67,75,78,73,80,82,76,86,80,71,87,84,0
852,68,70,86,86,68,82,65,71,84,70,75,76,86,70,84,80,75,68,71,83,83,0
853,65,72,83,67,70,81,89,83,73,81,75,75,87,80,76,89,76,83,84,75,78,0
854,76,89,76,83,84,75,78,84,73,76,75,65,89,68,71,82,70,75,68,73,70,0
855,70,75,68,73,70,81,69,73,70,68,75,72,89,75,84,68,70,68,75,78,75,0
856,75,83,83,71,71,70,86,87,65,67,75,78,89,68,71,68,86,81,83,68,73,0
857,77,84,83,86,76,86,67,80,68,71,75,84,73,69,65,69,65,65,72,71,84,0
858,84,86,84,82,72,89,82,69,72,81,75,71,82,80,84,83,84,78,80,73,65,0
859,65,87,84,82,71,76,69,72,82,71,75,76,68,71,78,81,68,76,73,82,70,0
860,86,81,84,86,69,83,71,65,77,84,75,68,76,65,71,67,73,72,71,76,83,0
861,65,71,67,73,72,71,76,83,78,86,75,76,78,69,72,70,76,78,84,84,68,0
862,76,65,80,65,82,82,86,76,81,86,75,82,65,77,81,69,84,83,76,84,80,0
863,70,83,84,73,80,80,65,80,76,65,75,84,68,84,87,80,75,68,86,71,73,0
864,65,81,89,86,68,81,84,68,76,69,75,70,78,78,86,69,65,71,75,89,84,0
865,69,84,73,73,68,75,83,75,65,86,75,84,86,76,77,69,76,70,81,68,83,0
866,65,71,65,86,65,77,76,73,71,80,75,65,80,76,86,76,69,81,71,76,82,0
867,84,72,77,69,78,65,89,68,70,89,75,80,78,76,65,83,69,89,80,76,86,0
868,76,65,83,69,89,80,76,86,68,71,75,76,83,73,81,67,89,76,82,65,76,0
869,65,76,68,82,67,89,65,65,89,82,75,75,73,81,78,81,87,75,81,65,71,0
870,81,89,77,73,70,72,84,80,70,67,75,77,86,81,75,83,76,65,82,76,77,0
871,76,75,65,83,76,68,77,70,78,81,75,84,75,65,83,76,89,76,83,84,78,0
872,75,68,65,83,80,71,83,80,76,69,75,76,86,83,83,86,83,68,76,80,75,0
873,73,77,78,81,82,69,81,70,89,72,75,86,78,70,83,80,80,71,68,84,83,0
874,73,67,65,75,65,86,82,68,65,76,75,84,69,70,75,65,78,65,69,75,84,0
875,68,89,65,65,81,65,83,65,65,80,75,65,71,84,65,84,71,82,73,86,65,0
876,71,69,80,73,68,69,82,71,80,73,75,84,75,81,70,65,80,73,72,65,69,0
877,86,69,81,69,73,76,86,84,71,73,75,86,86,68,76,76,65,80,89,65,75,0
878,76,73,77,69,76,73,78,78,86,65,75,65,72,71,71,89,83,86,70,65,71,0
879,69,77,73,69,83,71,86,73,78,76,75,68,65,84,83,75,86,65,76,86,89,0
880,71,84,77,81,69,82,73,84,84,84,75,75,71,83,73,84,83,86,81,65,73,0
881,69,72,89,68,86,65,82,71,86,81,75,73,76,81,68,89,75,83,76,81,68,0
882,76,71,77,68,69,76,83,69,69,68,75,76,84,86,83,82,65,82,75,73,81,0
883,86,65,69,86,70,84,71,72,77,71,75,76,86,80,76,75,69,84,73,75,71,0
884,77,86,71,80,73,69,69,65,86,65,75,65,68,75,76,65,69,69,72,71,83,0
885,73,84,82,82,76,65,67,83,83,81,75,78,76,72,76,70,73,80,71,83,82,0
886,71,83,82,89,73,83,81,65,65,65,75,86,68,73,69,70,68,89,68,71,80,0
887,73,69,70,68,89,68,71,80,76,77,75,84,69,86,80,71,80,82,83,75,69,0
888,86,80,71,80,82,83,75,69,76,77,75,81,76,78,84,73,81,78,65,69,65,0
889,80,73,71,89,78,72,80,65,76,65,75,76,86,81,81,80,81,78,65,83,84,0
890,71,73,76,80,80,69,78,70,86,68,75,76,81,69,83,76,77,83,86,65,80,0
891,67,71,83,67,83,78,69,78,65,70,75,84,73,70,77,87,89,82,83,75,69,0
892,83,75,69,82,71,81,82,71,70,83,75,69,69,76,69,84,67,77,86,78,81,0
893,76,65,84,84,72,83,75,65,73,72,75,73,68,73,80,83,70,68,87,80,73,0
894,68,87,80,73,65,80,70,80,82,76,75,89,80,76,69,69,70,84,84,68,78,0
895,67,76,69,69,86,69,68,76,73,86,75,89,82,75,75,75,82,84,86,65,71,0
896,68,78,72,65,83,68,68,70,70,82,75,76,82,68,73,65,82,75,72,71,67,0
897,69,86,81,84,71,71,71,67,84,71,75,70,87,65,72,69,72,87,71,76,68,0
898,68,68,80,65,68,86,77,84,70,83,75,75,77,77,84,71,71,70,70,72,75,0
899,73,70,78,84,87,76,71,68,80,83,75,78,76,76,76,65,69,86,73,78,73,0
900,68,76,76,78,78,86,65,82,86,71,75,84,76,76,84,71,76,76,68,76,81,0
901,70,68,84,80,68,69,65,73,82,78,75,76,73,76,73,65,82,78,75,71,86,0
902,75,71,86,86,76,71,71,67,71,68,75,83,73,82,70,82,80,84,76,86,70,0
903,76,65,80,72,76,84,82,65,89,65,75,68,86,75,70,71,65,68,65,82,65,0
904,69,81,83,87,71,83,80,75,86,84,75,68,71,86,84,86,65,75,83,73,68,0
905,84,86,65,75,83,73,68,76,75,68,75,89,75,78,73,71,65,75,76,86,81,0
906,73,65,75,69,71,70,69,75,73,83,75,71,65,78,80,86,69,73,82,82,71,0
907,65,86,73,65,69,76,75,75,81,83,75,80,86,84,84,80,69,69,73,65,81,0
908,73,71,78,73,73,83,68,65,77,75,75,86,71,82,75,71,86,73,84,86,75,0
909,78,68,69,76,69,73,73,69,71,77,75,70,68,82,71,89,73,83,80,89,70,0
910,89,73,83,80,89,70,73,78,84,83,75,71,81,75,67,69,70,81,68,65,89,0
911,70,81,68,65,89,86,76,76,83,69,75,75,73,83,83,86,81,83,73,86,80,0
912,80,65,76,69,73,65,78,65,72,82,75,80,76,86,73,73,65,69,68,86,68,0
913,76,69,68,86,81,65,72,68,76,71,75,86,71,69,86,73,86,84,75,68,68,0
914,84,75,68,68,65,77,76,76,75,71,75,71,68,75,65,72,73,69,75,82,73,0
915,68,73,84,84,83,69,89,69,75,69,75,76,78,69,82,76,65,75,76,83,68,0
916,65,75,76,83,68,71,86,65,86,76,75,86,71,71,84,83,68,86,69,86,78,0
917,71,84,83,68,86,69,86,78,69,75,75,68,82,86,84,68,65,76,78,65,84,0
918,76,82,67,73,80,65,76,68,83,76,75,80,65,78,69,68,81,75,73,71,73,0
919,69,68,81,75,73,71,73,69,73,73,75,82,65,76,75,73,80,65,77,84,73,0
920,65,71,86,69,71,83,76,73,86,69,75,73,76,81,83,83,83,69,86,71,89,0
921,77,76,71,68,70,86,78,77,86,69,75,71,73,73,68,80,84,75,86,86,82,0
922,84,65,69,65,86,86,84,69,73,80,75,69,69,75,68,80,71,77,71,65,77,0
923,70,71,84,89,65,80,81,69,86,80,75,83,75,65,84,69,65,84,75,73,65,0
924,73,68,83,65,83,77,89,81,78,69,75,69,86,71,76,65,73,82,83,75,73,0
925,73,82,83,75,73,65,68,71,84,86,75,82,69,68,73,70,89,84,83,75,86,0
926,76,86,82,86,67,76,69,81,83,76,75,81,76,81,76,68,89,86,68,76,89,0
927,76,89,76,73,72,70,80,77,65,77,75,80,71,69,78,89,76,80,75,68,69,0
928,69,78,89,76,80,75,68,69,78,71,75,76,73,89,68,65,86,68,73,67,68,0
929,68,73,67,68,84,87,69,65,77,69,75,67,75,68,65,71,76,65,75,83,73,0
930,78,82,82,81,76,69,75,73,76,75,75,80,71,76,75,89,75,80,86,67,78,0
931,86,69,67,72,80,89,76,78,81,71,75,76,76,68,70,67,82,83,75,68,73,0
932,65,89,83,65,76,71,83,72,82,69,75,81,87,86,68,81,83,83,80,86,76,0
933,76,68,78,80,86,76,71,83,77,65,75,75,89,78,82,84,80,65,76,73,65,0
934,81,76,81,82,71,86,86,86,76,65,75,83,70,83,69,75,82,73,75,69,78,0
935,70,69,70,81,76,84,83,69,68,77,75,86,76,68,68,76,78,75,78,73,82,0
936,78,73,82,89,73,83,71,83,83,70,75,68,72,80,68,70,80,70,87,68,69,0
937,86,76,82,83,65,86,83,86,72,76,75,82,78,73,71,86,84,65,86,65,70,0
938,76,68,80,86,81,75,76,70,86,68,75,73,82,69,89,75,83,75,82,81,65,0
939,89,81,81,68,76,68,82,69,76,89,75,76,75,81,77,89,71,75,71,69,77,0
940,73,80,86,73,81,65,70,71,73,76,75,82,65,65,65,69,86,78,81,69,89,0
941,77,75,65,65,68,69,86,65,69,71,75,76,78,68,72,70,80,76,86,86,87,0
942,73,69,77,76,71,71,69,76,71,83,75,75,80,86,72,80,78,68,72,86,78,0
943,77,72,73,65,65,65,86,69,86,72,75,86,76,76,80,71,76,81,75,76,72,0
944,76,81,75,76,72,68,65,76,83,65,75,83,75,69,70,65,81,86,73,75,73,0
945,81,81,86,81,89,65,77,86,82,73,75,65,65,77,80,82,73,89,69,76,65,0
946,82,73,71,70,65,69,75,86,65,65,75,86,65,65,76,84,71,76,80,70,86,0
947,84,71,76,80,70,86,84,65,80,78,75,70,69,65,76,65,65,72,68,65,76,0
948,65,77,78,84,65,65,67,83,76,77,75,73,65,78,68,73,82,70,76,71,83,0
949,78,69,80,71,83,83,73,77,80,71,75,86,78,80,84,81,67,69,65,77,84,0
950,83,78,71,72,70,69,76,78,86,70,75,80,77,77,73,75,78,86,76,72,83,0
951,84,65,76,78,80,72,73,71,89,68,75,65,65,75,73,65,75,84,65,72,75,0
952,75,84,65,72,75,78,71,83,84,76,75,69,84,65,73,69,76,71,89,76,84,0
953,71,86,73,83,83,68,81,70,82,71,75,83,86,76,76,78,73,70,80,83,86,0
954,65,83,71,65,84,86,76,67,86,83,75,68,76,80,70,65,81,75,82,70,67,0
955,65,86,65,75,76,69,69,65,82,65,75,69,68,72,83,65,73,76,76,78,69,0
956,65,73,65,68,65,70,71,83,70,68,75,70,82,65,81,70,72,65,65,65,84,0
957,65,65,76,71,87,68,84,76,71,78,75,76,76,73,70,81,86,89,68,72,81,0
958,81,89,75,78,86,75,86,68,70,65,75,65,70,87,78,86,86,78,87,65,68,0
959,65,86,84,72,82,71,83,71,65,80,75,71,76,70,71,86,69,67,68,86,84,0
960,68,65,70,76,77,82,77,84,69,69,75,70,69,75,86,73,78,65,78,76,84,0
961,81,82,65,83,82,83,77,81,82,78,75,70,71,82,77,73,70,73,71,83,86,0
962,77,65,82,83,73,65,82,69,76,83,75,65,78,86,84,65,78,86,86,65,80,0
963,65,68,76,83,76,65,68,70,71,82,75,69,76,82,73,65,69,72,69,77,80,0
964,86,71,80,72,71,84,80,68,69,80,75,71,86,80,86,70,65,87,75,71,69,0
965,69,81,77,76,84,87,80,68,80,68,75,80,65,78,77,73,76,68,68,71,71,0
966,77,76,86,76,82,71,77,81,89,69,75,65,71,86,86,80,80,65,69,69,68,0
967,80,65,69,69,68,68,80,65,69,87,75,86,70,76,78,76,76,82,84,82,70,0
968,78,76,76,82,84,82,70,69,84,68,75,68,75,87,84,75,73,65,69,83,86,0
969,80,65,73,78,86,78,68,83,86,84,75,83,75,70,68,78,75,89,71,84,82,0
970,78,82,71,84,68,65,76,73,71,71,75,75,86,76,73,67,71,89,71,68,86,0
971,68,86,71,75,71,67,65,69,65,77,75,71,81,71,65,82,86,83,86,84,69,0
972,65,68,73,86,86,84,65,84,71,78,75,68,73,73,77,76,69,72,73,75,65,0
973,69,82,83,71,65,84,82,86,78,86,75,80,81,86,68,76,87,84,70,71,68,0
974,81,84,73,65,81,73,69,76,87,84,75,78,68,69,89,68,78,69,86,89,82,0
975,86,89,82,76,80,75,72,76,68,69,75,86,65,82,73,72,86,69,65,76,71,0
976,72,86,69,65,76,71,71,72,76,84,75,76,84,75,69,81,65,69,89,76,71,0
977,71,70,82,76,71,73,84,84,68,87,75,83,82,87,89,65,68,75,81,89,65,0
978,89,65,68,75,81,89,65,69,89,86,75,69,68,86,65,73,82,82,76,76,83,0
979,69,65,68,82,73,82,65,68,76,69,75,76,84,71,75,81,86,81,76,78,73,0
980,75,81,86,81,76,78,73,76,69,86,75,78,80,69,83,81,65,81,76,86,65,0
981,73,81,83,65,77,82,81,80,78,86,75,71,73,82,86,81,67,83,71,82,76,0
982,65,68,73,68,89,71,76,89,69,65,75,84,84,70,71,82,73,71,86,75,86,0
983,71,82,73,71,86,75,86,87,73,89,75,71,68,73,86,71,71,75,82,69,76,0
984,76,83,84,68,69,76,76,68,65,70,75,69,77,84,76,76,69,76,83,68,70,0
985,84,76,76,69,76,83,68,70,86,75,75,70,69,69,84,70,69,86,84,65,65,0
986,70,68,86,73,76,69,65,65,71,68,75,75,73,71,86,73,75,86,86,82,69,0
987,73,86,83,71,76,71,76,75,69,65,75,68,76,86,68,71,65,80,75,80,76,0
988,65,80,75,80,76,76,69,75,86,65,75,69,65,65,68,69,65,75,65,75,76,0
989,78,77,76,76,83,65,84,84,65,83,75,78,80,75,69,72,70,68,70,70,80,0
990,65,81,81,69,76,65,68,65,65,71,75,83,71,75,80,84,86,68,70,80,86,0
991,69,76,65,65,65,76,84,73,71,71,75,65,69,82,68,81,82,73,68,69,73,0
992,69,86,71,65,65,76,82,65,76,84,75,75,76,86,82,81,82,73,76,84,68,0
993,73,76,71,86,84,84,76,68,77,73,75,77,65,81,81,73,68,83,76,71,80,0
994,84,71,69,84,71,82,86,71,83,80,75,82,82,69,73,71,72,71,65,76,65,0
995,76,65,76,76,78,65,71,86,80,76,75,65,80,86,65,71,73,65,77,71,76,0
996,68,70,86,84,65,76,81,76,68,84,75,76,68,71,73,80,83,81,86,76,65,0
997,81,86,76,65,71,65,76,69,81,65,75,68,65,82,76,84,73,76,69,86,77,0
998,83,80,89,65,80,82,86,84,84,73,75,86,80,86,68,75,73,71,69,86,73,0
999,86,68,75,73,71,69,86,73,71,80,75,71,75,86,73,78,65,73,84,69,69,0
1000,68,71,80,83,65,81,65,65,73,68,75,73,78,65,73,65,78,80,81,76,80,0
1001,80,71,82,68,71,76,86,72,73,83,75,76,71,75,71,75,82,73,65,75,86,0
1002,75,86,69,68,86,86,78,86,71,68,75,76,82,86,69,73,65,68,73,68,75,0
1003,86,69,73,65,68,73,68,75,82,71,75,73,83,76,73,76,86,65,68,69,68,0
1004,86,84,69,71,84,86,84,82,87,76,75,81,69,71,68,84,86,69,76,68,69,0
1005,73,80,83,80,65,65,71,86,76,84,75,73,73,65,81,69,68,68,84,86,69,0
1006,65,71,69,65,65,65,80,65,80,69,75,86,80,65,65,81,80,69,83,75,80,0
1007,75,80,86,80,69,80,65,80,84,80,75,65,69,80,65,80,83,80,80,65,65,0
1008,84,71,84,71,86,71,71,82,73,82,75,81,68,86,76,65,65,65,69,81,75,0
1009,76,65,65,65,69,81,75,75,82,65,75,65,80,65,80,65,65,81,65,65,65,0
1010,65,76,65,72,76,82,71,84,84,81,75,65,83,82,73,82,81,73,84,65,78,0
1011,76,84,81,84,72,69,86,68,77,84,75,73,86,71,76,82,65,82,65,75,65,0
1012,78,73,78,65,83,89,78,69,68,84,75,69,73,84,89,89,68,65,69,72,76,0
1013,73,65,65,82,65,82,83,71,78,76,75,80,68,69,76,83,71,71,84,70,84,0
1014,65,65,77,76,71,84,71,65,73,86,75,82,80,82,86,86,86,68,65,83,71,0
1015,65,68,65,71,82,70,76,84,84,73,75,72,82,76,69,69,71,65,70,69,65,0
1016,82,80,82,89,68,68,87,83,76,80,75,71,75,86,68,80,71,69,84,65,80,0
1017,89,80,84,68,83,80,70,82,71,86,75,75,86,72,89,87,65,65,82,83,84,0
1018,73,87,76,80,86,80,68,65,77,78,75,76,68,89,65,81,68,82,75,86,76,0
1019,76,86,86,82,72,71,84,65,71,83,75,65,72,70,83,71,68,68,83,75,82,0
1020,83,71,68,68,83,75,82,80,76,68,75,82,71,82,65,81,65,69,65,76,86,0
1021,87,67,69,82,68,71,86,72,80,68,75,83,82,78,82,75,71,83,84,87,86,0
1022,71,71,89,76,69,76,89,87,65,65,75,68,76,73,83,72,89,89,68,65,68,0
1023,71,76,72,65,65,73,65,68,76,83,75,86,78,82,71,70,71,80,76,76,76,0
1024,84,82,82,76,67,69,87,65,71,67,75,70,76,71,69,72,68,84,84,78,82,0
1025,86,83,87,82,69,69,86,65,86,86,75,82,82,65,70,65,68,81,80,89,87,0
1026,76,82,76,65,71,65,83,71,84,80,75,80,82,70,71,72,71,86,86,84,69,0
1027,84,78,86,68,82,84,86,82,83,86,75,82,72,77,71,83,68,87,83,73,69,0
1028,71,83,68,87,83,73,69,73,68,71,75,75,89,84,65,80,69,73,83,65,82,0
1029,82,86,86,68,87,76,86,68,75,70,75,71,84,83,71,73,68,76,84,75,68,0
1030,73,84,81,68,76,76,68,82,84,82,75,80,70,81,83,86,73,65,68,84,71,0
1031,84,82,77,80,65,86,84,68,76,86,75,69,76,84,71,71,75,69,80,78,75,0
1032,76,81,65,71,86,76,75,71,69,86,75,68,86,76,76,76,68,86,84,80,76,0
1033,76,83,75,69,68,73,68,82,77,73,75,68,65,69,65,72,65,69,69,68,82,0
1034,81,65,69,84,76,86,89,81,84,69,75,70,86,75,69,81,82,69,65,69,71,0
1035,75,69,81,82,69,65,69,71,71,83,75,86,80,69,68,84,76,78,75,86,68,0
1036,68,73,83,65,73,75,83,65,77,69,75,76,71,81,69,83,81,65,76,71,81,0
1037,82,65,69,76,80,71,86,68,80,68,75,68,86,68,73,77,86,82,68,71,81,0
1038,73,77,86,82,68,71,81,76,84,73,75,65,69,82,84,69,81,75,68,70,68,0
1039,68,69,68,68,73,75,65,84,89,68,75,71,73,76,84,86,83,86,65,86,83,0
1040,76,84,86,83,86,65,86,83,69,71,75,80,84,69,75,72,73,81,73,82,83,0
1041,84,78,68,76,71,82,73,71,80,71,75,65,81,89,84,76,67,67,84,69,83,0
1042,65,82,67,71,87,65,86,71,87,82,75,68,65,70,70,71,82,65,65,76,76,0
1043,81,70,78,82,80,81,70,68,84,83,75,82,82,76,71,65,65,76,84,73,81,0
1044,76,84,73,81,68,76,82,82,73,65,75,82,82,84,80,82,65,65,70,68,89,0
1045,68,76,86,73,65,86,80,81,71,82,75,87,70,81,76,89,77,87,82,68,82,0
1046,76,65,87,73,75,83,81,87,80,71,75,76,86,86,75,71,73,81,84,76,68,0
1047,71,75,84,84,76,84,65,65,73,84,75,86,76,72,68,75,70,80,68,76,78,0
1048,72,68,75,70,80,68,76,78,69,84,75,65,70,68,81,73,68,78,65,80,69,0
1049,78,73,65,72,86,69,89,81,84,68,75,82,72,89,65,72,86,68,65,80,71,0
1050,86,68,65,80,71,72,65,68,89,73,75,78,77,73,84,71,65,65,81,77,68,0
1051,71,86,80,89,73,76,86,65,76,78,75,65,68,65,86,68,68,69,69,76,76,0
1052,69,73,86,71,73,82,80,83,84,84,75,84,84,86,84,71,86,69,77,70,82,0
1053,69,68,86,69,82,71,81,86,86,84,75,80,71,84,84,84,80,72,84,69,70,0
1054,69,70,69,71,81,86,89,73,76,83,75,68,69,71,71,82,72,84,80,70,70,0
1055,76,73,84,65,71,82,78,82,73,86,75,83,76,69,82,65,86,83,65,71,75,0
1056,65,83,78,84,83,83,73,80,73,77,75,86,65,65,65,84,75,81,80,81,82,0
1057,84,69,69,70,65,83,84,86,76,71,75,81,86,86,82,67,83,68,82,83,71,0
1058,76,83,68,76,86,71,76,68,84,76,75,76,73,65,68,75,77,70,69,69,70,0
1059,65,75,86,78,73,75,80,76,69,68,75,73,76,86,81,65,78,69,65,69,84,0
1060,65,83,71,76,86,73,80,68,84,65,75,69,75,80,81,69,71,84,86,86,65,0
1061,71,80,71,82,87,68,69,68,71,69,75,82,73,80,76,68,86,65,69,71,68,0
1062,86,65,69,71,68,84,86,73,89,83,75,89,71,71,84,69,73,75,89,78,71,0
1063,82,71,76,78,65,76,65,68,65,86,75,86,84,76,71,80,75,71,82,78,86,0
1064,71,80,75,71,82,78,86,86,76,69,75,75,87,71,65,80,84,73,84,78,68,0
1065,84,73,84,78,68,71,86,83,73,65,75,69,73,69,76,69,68,80,89,69,75,0
1066,73,71,65,69,76,86,75,69,86,65,75,75,84,68,68,86,65,71,68,71,84,0
1067,76,76,75,71,65,75,69,86,69,84,75,69,81,73,65,65,84,65,65,73,83,0
1068,69,68,80,89,73,76,76,86,83,83,75,86,83,84,86,75,68,76,76,80,76,0
1069,84,86,75,68,76,76,80,76,76,69,75,86,73,71,65,71,75,80,76,76,73,0
1070,71,69,65,76,83,84,76,86,86,78,75,73,82,71,84,70,75,83,86,65,86,0
1071,86,75,65,80,71,70,71,68,82,82,75,65,77,76,81,68,77,65,73,76,84,0
1072,76,71,75,65,82,75,86,86,86,84,75,68,69,84,84,73,86,69,71,65,71,0
1073,75,65,71,65,65,84,69,86,69,76,75,69,82,75,72,82,73,69,68,65,86,0
1074,76,81,65,65,80,84,76,68,69,76,75,76,69,71,68,69,65,84,71,65,78,0
1075,73,86,75,86,65,76,69,65,80,76,75,81,73,65,70,78,83,71,76,69,80,0
1076,76,76,65,65,71,86,65,68,80,86,75,86,84,82,83,65,76,81,78,65,65,0
1077,84,65,84,73,76,65,81,65,76,73,75,71,71,76,82,76,86,65,65,71,86,0
1078,78,80,73,65,76,71,86,71,73,71,75,65,65,68,65,86,83,69,65,76,76,0
1079,71,84,65,69,65,86,65,78,82,65,75,72,76,82,65,69,73,68,75,83,68,0
1080,71,71,65,83,76,73,72,81,65,82,75,65,76,84,69,76,82,65,83,76,84,0
1081,86,76,84,84,69,84,86,86,86,68,75,80,65,75,65,69,68,72,68,72,72,0
1082,76,86,73,70,65,73,73,86,86,65,75,83,86,65,76,73,80,81,65,69,65,0
1083,80,80,80,83,73,81,65,83,77,69,75,81,77,75,65,68,82,69,75,82,65,0
1084,84,65,69,71,84,82,69,65,65,73,75,81,65,69,71,81,75,81,65,81,73,0
1085,65,65,89,76,81,65,81,71,81,65,75,65,73,69,75,84,70,65,65,73,75,0
1086,76,80,69,77,65,82,71,68,65,78,75,86,87,86,86,80,83,68,70,78,65,0
1087,65,76,81,71,70,84,82,76,76,71,75,80,71,69,68,71,86,70,82,70,69,0
1088,70,69,80,83,80,86,69,68,81,80,75,72,65,65,68,71,68,68,65,69,86,0
1089,65,76,80,82,82,65,71,76,86,83,75,78,65,76,71,83,83,70,86,71,65,0
1090,78,76,72,65,83,78,84,82,76,81,75,84,71,84,65,69,77,83,83,73,76,0
1091,69,69,77,86,69,70,83,83,71,76,75,71,77,83,76,78,76,69,80,68,78,0
1092,78,86,71,86,86,86,70,71,78,68,75,76,73,75,69,71,68,86,86,75,82,0
1093,71,83,75,84,82,82,82,86,71,76,75,65,80,71,73,73,80,82,73,83,86,0
1094,69,76,73,73,71,68,82,81,84,71,75,84,83,73,65,73,68,84,73,73,78,0
1095,76,89,67,73,89,86,65,73,71,81,75,82,83,84,86,65,81,76,86,75,82,0
1096,86,75,82,76,84,68,65,68,65,77,75,89,84,73,86,86,83,65,84,65,83,0
1097,83,77,71,69,89,70,82,68,78,71,75,72,65,76,73,73,89,68,68,76,83,0
1098,76,72,83,82,76,76,69,82,65,65,75,77,78,68,83,70,71,71,71,83,76,0
1099,82,65,77,75,81,86,65,71,84,77,75,76,69,76,65,81,89,82,69,86,65,0
1100,83,82,71,86,82,76,84,69,76,76,75,81,71,81,89,83,80,77,65,73,69,0
1101,75,73,83,69,81,83,68,65,75,76,75,69,73,86,84,78,70,76,65,71,70,0
1102,82,69,72,76,70,80,84,65,81,86,75,75,77,71,69,76,71,76,76,65,77,0
1103,78,78,83,76,89,76,71,80,73,76,75,70,71,83,65,81,81,75,81,81,87,0
1104,81,87,73,84,80,70,84,78,71,68,75,73,71,67,70,65,76,83,69,80,71,0
1105,70,65,83,84,68,82,83,82,81,78,75,71,73,83,65,70,76,86,80,77,80,0
1106,80,76,84,75,76,81,78,73,81,70,75,76,65,68,77,65,76,65,76,69,83,0
1107,87,82,65,65,77,76,75,68,78,75,75,80,70,84,75,69,83,65,77,65,75,0
1108,82,76,70,83,65,76,76,81,86,81,75,82,80,67,81,80,83,82,78,77,82,0
1109,68,76,78,65,70,68,83,84,76,80,75,84,77,86,81,70,76,69,81,71,69,0
1110,84,70,76,65,80,86,84,82,80,69,75,86,73,67,86,71,76,78,89,65,68,0
1111,82,86,80,75,83,80,73,73,70,83,75,70,83,83,83,73,86,71,80,89,68,0
1112,89,68,69,73,73,76,80,80,69,83,75,69,86,68,87,69,86,69,77,65,86,0
1113,69,77,65,86,86,73,71,75,75,71,75,72,73,75,65,84,68,86,77,65,72,0
1114,83,65,82,68,87,81,77,82,78,71,75,81,87,76,76,71,75,84,70,68,84,0
1115,81,83,83,78,84,78,81,77,86,70,75,84,69,89,76,73,65,87,86,83,81,0
1116,71,84,80,80,71,86,71,77,70,82,75,80,80,86,70,76,75,75,71,68,69,0
1117,86,82,86,76,76,70,82,83,65,86,75,71,86,70,67,65,71,65,68,76,75,0
1118,76,80,82,67,76,71,86,65,76,65,75,69,76,73,70,84,71,82,82,76,78,0
1119,83,76,71,65,83,82,73,65,86,80,75,76,84,76,72,84,75,72,83,77,80,0
1120,83,77,80,80,67,68,70,83,80,69,75,89,81,83,76,65,89,83,82,86,76,0
1121,86,84,86,83,86,71,72,67,72,80,75,86,83,65,86,65,75,75,81,73,68,0
1122,70,72,83,80,77,72,69,89,65,69,75,76,83,65,76,76,80,69,80,76,75,0
1123,81,71,86,78,71,86,86,81,89,80,75,69,70,76,75,69,65,70,65,76,86,0
1124,65,65,86,86,84,84,80,69,73,65,75,83,76,65,75,82,76,76,72,70,83,0
1125,83,81,69,86,71,84,89,77,76,76,75,70,65,75,76,82,68,69,70,68,73,0
1126,69,70,68,73,86,71,68,86,82,71,75,71,76,77,86,71,73,69,77,86,81,0
1127,84,69,86,78,81,73,72,69,68,67,75,68,77,71,76,76,86,71,82,71,71,0
1128,70,82,73,86,80,80,77,67,86,84,75,77,69,86,68,70,65,89,69,86,70,0
1129,83,84,89,81,69,78,89,69,81,77,75,65,76,86,83,81,76,72,69,82,65,0
1130,75,65,82,65,82,72,84,83,82,71,75,76,76,80,82,68,82,73,68,78,76,0
1131,67,77,73,86,65,78,68,65,84,86,75,71,71,84,89,89,80,86,84,86,75,0
1132,73,70,89,78,81,65,73,77,83,83,75,78,73,84,81,73,65,86,86,77,71,0
1133,65,77,65,68,69,78,73,73,86,81,75,81,71,84,73,70,76,65,71,80,80,0
1134,84,73,70,76,65,71,80,80,76,86,75,65,65,84,71,69,69,86,83,65,69,0
1135,68,68,72,72,65,76,72,76,84,82,75,86,86,82,83,76,78,89,81,75,75,0
1136,69,76,89,71,73,86,71,65,78,76,75,82,83,70,68,86,82,69,86,73,65,0
1137,73,86,68,71,83,82,70,78,69,70,75,65,76,89,71,68,84,76,86,84,71,0
1138,78,78,71,86,76,70,83,69,83,65,75,75,71,65,72,70,86,81,76,67,67,0
1139,65,75,77,86,65,65,86,65,67,65,75,86,80,75,73,84,86,73,73,71,71,0
1140,84,86,76,65,84,86,65,82,68,81,75,65,82,69,71,75,81,70,83,83,65,0
1141,81,70,83,83,65,69,69,65,65,76,75,69,80,73,73,75,82,70,69,69,69,0
1142,80,81,78,70,83,78,89,69,83,77,75,81,68,70,75,73,69,73,80,69,89,0
1143,73,69,73,80,69,89,70,78,70,65,75,68,86,76,68,81,87,84,78,77,69,0
1144,83,70,69,69,76,71,76,76,83,82,75,70,65,78,73,76,84,69,65,67,83,0
1145,82,71,68,82,86,77,86,73,76,80,75,73,80,69,87,87,76,65,78,86,65,0
1146,76,73,80,71,84,84,81,76,84,81,75,68,73,76,89,82,76,81,83,83,75,0
1147,76,65,80,65,86,68,65,86,65,65,75,67,69,78,76,72,83,75,76,73,86,0
1148,81,72,83,82,69,71,87,71,78,76,75,69,77,77,75,89,65,83,68,83,72,0
1149,65,83,68,83,72,84,67,86,68,84,75,72,68,69,77,77,65,73,89,70,84,0
1150,89,70,84,83,71,84,84,71,80,80,75,77,73,71,72,84,72,83,83,70,71,0
1151,77,87,78,84,83,68,84,71,87,65,75,83,65,87,83,83,86,70,83,80,87,0
1152,69,83,84,83,73,76,81,84,76,83,75,70,80,73,84,86,70,67,83,65,80,0
1153,77,76,86,81,78,68,77,83,83,89,75,70,78,83,76,75,72,67,86,83,65,0
1154,73,78,80,69,86,77,69,81,87,82,75,75,84,71,76,68,73,89,69,71,89,0
1155,84,69,84,86,76,73,67,71,78,70,75,71,77,75,73,75,80,71,83,77,71,0
1156,77,71,75,80,83,80,65,70,68,86,75,73,76,68,69,78,71,65,84,76,80,0
1157,76,70,84,72,89,86,68,78,80,83,75,84,65,83,84,76,82,71,83,70,89,0
1158,75,65,70,73,86,76,78,80,68,89,75,83,72,68,81,69,81,76,75,75,69,0
1159,76,75,75,69,73,81,69,72,86,75,75,84,84,65,80,89,75,89,80,82,75,0
1160,82,75,86,69,70,73,69,69,76,80,75,84,86,83,71,75,86,75,82,78,69,0
1161,71,65,65,82,82,76,70,83,83,69,75,86,73,82,75,68,89,65,76,80,78,0
1162,68,76,82,76,76,70,68,81,70,77,75,75,67,69,68,71,83,87,75,82,77,0
1163,81,69,70,81,84,76,70,86,68,83,75,70,75,75,69,69,81,77,83,75,65,0
1164,76,71,70,69,89,65,77,70,89,78,75,86,69,75,82,84,86,83,76,70,81,0
1165,65,77,84,65,78,76,78,73,84,89,75,75,80,73,80,76,76,83,86,86,86,0
1166,83,86,86,86,86,78,83,81,76,81,75,73,69,71,82,75,76,70,86,83,67,0
1167,86,83,67,84,73,81,83,73,68,69,75,84,76,89,84,69,65,84,65,76,70,0
1168,86,70,72,77,78,81,71,78,80,70,75,76,75,65,76,86,68,75,87,80,68,0
1169,81,72,84,78,84,89,81,73,89,83,75,68,80,75,72,67,76,69,70,76,71,0
1170,70,76,71,84,80,68,86,73,78,87,75,81,72,76,81,73,81,83,83,81,83,0
1171,78,69,65,73,77,68,76,65,65,71,75,77,86,75,86,75,82,84,81,67,73,0
1172,67,73,76,89,77,77,80,69,84,65,75,75,76,86,80,83,76,76,69,68,75,0
1173,82,80,82,65,73,68,81,69,77,70,75,76,83,84,76,68,86,84,72,65,80,0
1174,73,73,89,65,81,84,76,65,77,68,75,82,71,89,80,86,89,78,72,84,69,0
1175,72,84,69,81,84,78,75,86,73,81,75,77,83,72,84,76,72,72,86,80,77,0
1176,72,83,89,76,82,73,83,76,84,69,75,67,78,76,82,67,81,89,67,77,80,0
1177,69,73,76,84,76,65,82,76,70,86,75,69,71,86,68,75,73,82,76,84,71,0
1178,78,73,83,76,68,84,76,86,80,65,75,70,69,70,73,86,82,82,75,71,70,0
1179,71,70,72,75,86,77,69,71,73,72,75,65,73,69,76,71,89,75,80,86,75,0
1180,70,73,69,89,77,80,70,68,71,78,75,87,78,70,75,75,77,86,83,89,75,0
1181,75,76,80,69,69,68,83,83,84,65,75,65,70,75,73,80,71,70,81,71,81,0
1182,76,82,73,73,71,65,65,86,71,82,75,75,82,81,72,65,71,77,70,78,73,0
1183,72,65,71,77,70,78,73,65,81,77,75,78,82,80,77,73,76,73,71,86,76,0
1184,67,76,83,68,81,77,65,83,76,87,75,82,72,67,73,80,75,65,76,80,76,0
1185,83,83,89,80,68,80,68,84,72,83,75,67,76,83,84,71,83,81,65,80,68,0
1186,65,70,75,76,86,81,81,78,81,76,75,75,71,68,65,76,86,86,65,81,76,0
1187,86,65,81,76,65,71,86,81,65,65,75,76,84,83,81,76,73,80,76,67,72,0
1188,77,65,65,76,84,86,89,68,77,67,75,65,86,83,82,68,73,86,86,84,69,0
1189,73,86,86,84,69,86,75,76,73,83,75,84,71,71,81,82,71,68,70,72,82,0
1190,76,82,80,76,84,65,83,81,84,86,75,84,70,83,81,78,75,80,65,65,73,0
1191,69,77,89,67,65,87,76,69,78,80,75,83,86,72,75,83,87,68,73,70,70,0
1192,83,76,86,69,65,81,80,78,86,68,75,76,86,69,68,72,76,65,86,81,83,0
1193,86,80,65,68,73,73,83,83,84,68,75,76,71,70,89,71,76,72,69,83,68,0
1194,70,89,71,76,72,69,83,68,76,68,75,86,70,72,76,80,84,84,84,70,73,0
1195,68,76,69,81,67,81,87,73,82,81,75,70,69,84,80,71,73,77,81,70,84,0
1196,80,71,73,77,81,70,84,78,69,69,75,82,84,76,76,65,82,76,86,82,83,0
1197,83,84,82,70,69,69,70,76,81,82,75,87,83,83,69,75,82,70,71,76,69,0
1198,69,71,67,69,86,76,73,80,65,76,75,84,73,73,68,77,83,83,65,78,71,0
1199,82,76,78,86,76,65,78,86,73,82,75,69,76,69,81,73,70,67,81,70,68,0
1200,69,81,70,89,67,71,68,84,69,71,75,75,86,77,83,73,76,76,72,71,68,0
1201,68,68,80,69,65,86,77,89,86,67,75,86,65,65,69,87,82,78,84,70,72,0
1202,69,80,77,70,84,81,80,76,77,89,75,81,73,82,75,81,75,80,86,76,81,0
1203,78,81,80,69,89,69,69,69,73,83,75,89,68,75,73,67,69,69,65,70,84,0
1204,69,69,65,70,84,82,83,75,68,69,75,73,76,72,73,75,72,87,76,68,83,0
1205,76,69,69,68,86,76,70,72,73,71,75,86,65,83,83,86,80,86,69,78,70,0
1206,84,73,72,71,71,76,83,82,73,76,75,84,82,82,69,76,86,84,78,82,84,0
1207,65,69,89,77,65,70,71,83,76,76,75,69,71,73,72,86,82,76,83,71,81,0
1208,72,72,86,76,72,68,81,78,86,68,75,82,84,67,73,80,77,78,72,76,87,0
1209,76,82,82,81,73,76,76,80,70,82,75,80,76,73,86,70,84,80,75,83,76,0
1210,69,78,71,80,65,65,81,68,80,72,75,86,75,82,76,76,70,67,84,71,75,0
1211,75,86,89,89,68,76,84,82,69,82,75,65,82,78,77,69,69,69,86,65,73,0
1212,80,70,68,76,76,76,75,69,65,81,75,89,80,78,65,69,76,65,87,67,81,0
1213,65,69,76,65,87,67,81,69,69,72,75,78,81,71,89,89,68,89,86,75,80,0
1214,83,76,69,73,73,71,65,80,70,83,75,71,81,80,82,71,71,86,69,75,71,0
1215,65,65,76,82,75,65,71,76,76,69,75,76,75,69,84,69,89,68,86,82,68,0
1216,86,80,78,68,83,83,70,81,73,86,75,78,80,82,83,86,71,75,65,78,69,0
1217,69,76,65,71,86,86,65,69,86,81,75,78,71,82,86,83,86,86,76,71,71,0
1218,86,83,70,76,76,75,69,76,75,71,75,70,80,68,86,80,71,70,83,87,86,0
1219,70,83,87,86,84,80,67,73,83,65,75,68,73,86,89,73,71,76,82,68,86,0
1220,69,72,89,73,73,75,84,76,71,73,75,89,70,83,77,84,69,86,68,75,76,0
1221,77,84,69,86,68,75,76,71,73,71,75,86,77,69,69,84,70,83,89,76,76,0
1222,69,69,84,70,83,89,76,76,71,82,75,75,82,80,73,72,76,83,70,68,86,0
1223,68,73,77,69,86,78,80,84,76,71,75,84,65,69,69,86,75,83,84,86,78,0
1224,67,70,71,84,81,82,69,71,78,72,75,80,71,84,68,89,76,75,80,80,75,0
1225,83,83,83,83,83,65,83,65,65,65,75,75,73,76,73,75,72,86,84,86,73,0
1226,71,73,69,69,83,76,75,82,77,65,75,75,75,70,84,69,78,80,75,65,71,0
1227,76,86,86,69,65,73,86,69,78,76,75,76,75,78,69,76,70,81,82,76,68,0
1228,76,72,70,70,78,80,86,80,77,77,75,76,86,69,86,73,75,84,80,77,84,0
1229,83,76,86,68,70,67,75,84,76,71,75,72,80,86,83,67,75,68,84,80,71,0
1230,65,83,75,69,68,73,68,84,65,77,75,76,71,65,71,89,80,77,71,80,70,0
1231,83,80,83,77,78,78,76,86,65,81,75,75,76,71,75,75,84,71,69,71,70,0
1232,76,71,71,89,86,65,84,73,71,84,75,70,67,65,76,78,87,69,78,81,83,0
1233,86,70,86,76,65,77,86,68,69,68,75,75,78,78,82,70,78,68,71,75,86,0
1234,76,89,83,76,70,80,68,72,83,86,75,75,89,70,68,81,86,68,73,83,78,0
1235,83,78,71,76,68,87,83,76,68,72,75,73,70,89,89,73,68,83,76,83,89,0
1236,71,81,73,83,78,82,82,73,86,89,75,77,69,75,68,69,81,73,80,68,71,0
1237,80,68,71,77,67,73,68,65,69,71,75,76,87,86,65,67,89,78,71,71,82,0
1238,68,75,84,84,83,67,67,70,71,71,75,68,89,83,69,77,89,86,84,67,65,0
1239,86,69,82,83,65,65,69,84,86,84,75,71,71,73,77,76,80,69,75,83,81,0
1240,89,71,71,84,75,86,86,76,68,68,75,68,89,70,76,70,82,68,83,68,73,0
1241,82,82,76,73,83,76,71,67,82,83,75,80,73,75,84,73,89,83,83,83,75,0
1242,65,75,77,65,76,75,70,75,78,65,75,82,73,69,71,76,68,83,78,86,87,0
1243,70,80,68,73,83,80,80,83,89,86,75,69,69,76,83,75,65,65,70,73,68,0
1244,65,86,80,86,70,73,80,76,82,83,75,80,84,68,71,77,75,87,84,83,83,0
1245,87,84,70,68,80,82,69,76,69,83,75,70,83,83,75,84,75,65,73,73,76,0
1246,73,76,78,84,80,72,78,80,76,71,75,86,89,84,82,81,69,76,81,86,73,0
1247,69,76,81,86,73,65,68,76,67,86,75,72,68,84,76,67,73,83,68,69,86,0
1248,87,76,86,89,84,71,72,84,72,86,75,73,65,84,76,80,71,77,87,69,82,0
1249,69,82,84,73,84,73,71,83,65,71,75,84,70,83,86,84,71,87,75,76,71,0
1250,71,87,83,73,71,80,65,72,76,73,75,72,76,81,84,86,81,81,78,83,70,0
1251,65,76,65,69,65,70,87,73,68,73,75,82,77,68,68,80,69,67,89,70,78,0
1252,68,80,69,67,89,70,78,83,76,80,75,69,76,69,86,75,82,68,82,77,86,0
1253,77,86,82,76,76,78,83,86,71,76,75,80,73,86,80,68,71,71,89,70,73,0
1254,68,77,78,83,68,69,80,89,68,89,75,70,86,75,87,77,84,75,72,75,75,0
1255,65,73,80,86,83,65,70,67,68,83,75,83,75,80,72,70,69,75,76,86,82,0
1256,80,75,80,71,86,70,78,70,86,78,75,65,84,87,68,65,82,78,65,76,71,0
1257,68,65,82,78,65,76,71,83,76,80,75,69,84,65,82,75,78,89,86,68,76,0
1258,83,83,83,83,69,65,80,83,81,71,75,82,71,65,68,69,75,65,82,69,83,0
1259,73,76,86,84,83,69,68,71,73,84,75,73,84,70,78,82,80,84,75,75,78,0
1260,69,73,81,68,86,86,65,84,83,84,75,73,76,82,69,70,86,78,67,70,73,0
1261,69,70,86,78,67,70,73,68,70,80,75,80,76,86,65,86,86,78,71,80,65,0
1262,80,69,65,67,83,84,89,77,70,80,75,73,77,71,80,84,75,65,65,69,77,0
1263,84,75,65,65,69,77,76,76,70,71,75,75,76,84,65,82,69,65,87,65,81,0
1264,84,70,69,84,69,86,87,84,82,76,75,84,89,83,75,76,83,80,78,86,77,0
1265,75,76,83,80,78,86,77,82,73,83,75,69,76,73,82,75,72,69,75,81,75,0
1266,76,69,82,77,80,82,69,69,89,65,75,65,76,82,78,70,76,70,82,75,65,0
1267,82,72,65,83,65,83,83,84,78,76,75,68,86,76,82,78,76,73,80,75,69,0
1268,78,76,73,80,75,69,81,65,82,73,75,84,70,82,75,75,72,71,75,84,86,0
1269,70,82,71,89,83,73,80,69,67,81,75,76,76,80,75,65,75,71,71,75,69,0
1270,81,86,83,87,76,83,81,69,87,86,75,82,65,65,76,80,83,72,86,86,84,0
1271,82,65,89,65,81,71,77,78,82,84,75,89,87,69,76,84,89,69,68,67,77,0
1272,84,89,69,68,67,77,68,76,76,65,75,76,80,67,86,65,65,75,73,89,82,0
1273,69,68,82,78,73,69,65,73,68,83,75,76,68,87,83,72,78,70,84,78,77,0
1274,75,69,86,71,69,68,65,83,68,69,75,76,75,78,89,73,87,78,84,76,78,0
1275,86,80,71,89,71,72,65,86,76,82,75,84,68,80,82,89,83,67,81,82,69,0
1276,82,89,83,67,81,82,69,70,65,76,75,72,76,80,75,68,80,77,70,75,76,0
1277,80,77,70,75,76,86,71,81,76,89,75,73,86,80,68,73,76,76,69,81,71,0
1278,80,68,73,76,76,69,81,71,75,65,75,78,80,87,80,78,86,68,65,72,83,0
1279,82,65,76,71,70,80,76,69,82,80,75,83,77,83,84,68,65,76,77,75,70,0
1280,76,83,82,80,76,83,81,76,80,71,75,65,76,83,86,82,68,82,69,78,71,0
1281,67,68,83,71,70,71,70,83,76,65,75,72,76,72,83,75,71,70,76,86,70,0
1282,71,70,76,86,70,65,71,67,76,77,75,68,75,71,68,65,71,86,75,69,76,0
1283,76,78,86,67,78,83,69,69,86,69,75,65,86,69,84,73,82,83,71,76,75,0
1284,84,73,82,83,71,76,75,68,80,69,75,71,77,87,71,76,86,78,78,65,71,0
1285,69,86,69,70,84,83,77,69,84,89,75,69,86,65,69,86,78,76,87,71,84,0
1286,86,78,76,87,71,84,86,82,84,84,75,83,70,76,80,76,76,82,82,65,75,0
1287,78,80,65,82,83,80,89,67,73,84,75,70,71,73,69,65,70,83,68,67,76,0
1288,76,82,89,69,77,72,80,76,71,86,75,86,83,86,86,69,80,71,78,70,73,0
1289,89,83,80,69,82,73,81,65,73,65,75,75,77,87,68,68,76,80,69,86,86,0
